{
    "urls": [
       {"url": "http://zxsjc.web3v.vip/tvbox/tvbox.json",  "name": "燕子"},
       {"url": "http://zxsjc.web3v.vip/fty/fty.json",  "name": "饭太硬备用"},
       {"url": "https://fm.t4tv.hz.cz/json/config.json",  "name": "蜂蜜"},
       {"url": "http://zxsjc.web3v.vip/xyq/xyq.json",  "name": "香雅情备用"},
        {"url": "http://肥猫.live","name": "肥猫"}, 
      {"url": "https://tvbox.cainisi.cf","name": "菜妮丝"},
      {"url": "http://rihou.cc:88/荷城茶秀","name": "荷城茶秀"},  
       {"url": "http://zxsjc.web3v.vip/tvbox/qj.json","name": "巧技"}, 
       {"url": "https://xhdwc.tk/0","name":"校花大王草"},
       {"url": "http://home.jundie.top:81/top98.json","name": "俊老"},
	     {"url": "https://weixine.net/ysc.json","name": "💖运输车线路"},		
	 	   {"url": "http://itvbox.cc/tvbox/云星日记/1.m3u8","name": "🏡云星日记"},
		   {"url": "https://dxawi.github.io/0/0.json","name": "💗爬虫接口"},
       {"url": "http://xhww.fun:63/小米/DEMO.json","name":"🌹小米"},
       {"url": "http://饭太硬.top/tv","name":"🌹太硬"}
]
}
