{
 //"spider": "http://home.jundie.top:81/jar/top98_1.jar",
 //"spider":"https://gitee.com/zxsjc/hbzxsjc/raw/master/Yoursmile.jar",
"spider":"https://gitee.com/zxsjc/hbzxsjc/raw/master/fm.jar",
"lives": [
    {
      "name": "直播",
      "type": 0,
      "url": "http://home.jundie.top:81/Cat/tv/live.txt",
      "epg": "http://epg.51zmt.top:8000/api/diyp/?ch={name}&date={date}"
    },
    {
      "group": "redirect",
      "channels": [
        {
          "name": "live",
          "urls": [
            "proxy://do=live&type=txt&ext=aHR0cDovL2hvbWUuanVuZGllLnRvcDo4MS9DYXQvdHYvbGl2ZS50eHQ="
          ]
        }
      ],
      "epg":"http://epg.51zmt.top:8000/api/diyp/"
    }
  ],
  "rules": [
    {
      "host": "www.6080dy1.com",
      "rule": [
        "m3u8.php",
        ".m3u8"
      ]
    },
    {
      "host": "*",
      "rule": [
        "default.365yg.com"
      ]
    },
    {
      "host": "www.agemys.cc",
      "rule": [
        "cdn-tos",
        "obj/tos-cn"
      ]
    },
    {
      "host": "zjmiao.com",
      "rule": [
        "play.videomiao.vip/API.php",
        "time="
      ]
    },
    {
      "host": "www.sharenice.net",
      "rule": [
        "http.*?/play.{0,3}\\?[^url]{2,8}=.*"
      ]
    },
    {
      "host": "www.sharenice.net",
      "rule": [
        "qianpailive.com",
        "vid="
      ]
    },
    {
      "host": "*",
      "rule": [
        "douyin.com/aweme",
        "video_id="
      ]
    },
    {
      "host": "*",
      "rule": [
        "huoshan.com",
        "/item/video/"
      ]
    },
    {
      "host": "*",
      "rule": [
        "http((?!http).){12,}?\\.(m3u8|mp4|flv|avi|mkv|rm|wmv|mpg|m4a)\\?.*|http((?!http).){12,}\\.(m3u8|mp4|flv|avi|mkv|rm|wmv|mpg|m4a)|http((?!http).)*?xg.php\\?id=|http((?!http).)*?/m3/(.*)\\.css"
      ]
    }
  ],
  "sites": [
    
{"key": "csp_appys_如意4K","name": "🐵️┃如意┃影视","type": 3,"api": "csp_AppYsV2","searchable": 1,"quickSearch": 1,"filterable": 1,"ext": "http://cms.maoyingshi.cc/api.php/app/","playUrl":"json:https://jx.4kdv.com/?url="},

{"key":"csp_Kunyu77","name":"🌈┃七七┃影视","type":3,"api":"csp_Kunyu77","searchable":1,"quickSearch":1,"filterable":1},



 {"key": "csp_apple",  "name": "┃苹果┃影视", "type": 3,"api": "csp_LiteApple", "playerType": 1,"searchable": 1, "quickSearch":1, "filterable": 1},           { "key": "js豆瓣",
            "name": "┃豆瓣┃",
            "type": 3,
            "api": "http://alist.xn--z7x900a.love:63/drpy2.min.js",
            "ext": "http://alist.xn--z7x900a.love:63/豆瓣.js"
        },
        
 
{"key":"csp_DiDuan" ,"name":"⏮️┃低端┃影视","type":3,"api":"csp_Ddrk","click": "ddys.tv;#vjsp > button","searchable":1,"quickSearch":1,"filterable":0},

{"key":"csp_Bttoo","name":"🔺┃Btto┃影视","api":"csp_Bttwoo","type":3,"filterable":1,"quickSearch":1,"searchable":1},

{"key":"Czsapp","name":"🏭┃厂长┃影视","type":"3","api":"csp_Czsapp","searchable":"1","quickSearch":"1","filterable":"1"},       
 
 
 {"key":"农民","name":"🤴┃农民┃影视","type":3,"api":"csp_Nmys","searchable":1,"quickSearch":1,"filterable":1,"ext":"http://我不是.肥猫.love:63/json/nmys.json"},


{"key":"Kuaikan","name":"👀┃快看┃影视","type":3,"api":"csp_Kuaikan","searchable":1,"quickSearch":1,"filterable":1},



{"key":"csp_Lib","name":"💫┃Lib  ┃影视","type":3,"api":"csp_Libvio","searchable":1,"playerType":2,"quickSearch":1,"filterable":0,"ext":"https://tv.libvio.cc"},

{"key":"Lezhu","name":"🐷┃乐猪┃影视","api":"csp_XBPQ","type":3,"filterable":1,"quickSearch":1,"searchable":1,"ext":"http://我不是.肥猫.love:63/json/乐猪.json"},   


{"key": "csp_Ysgc","name": "🎥┃影视┃工厂","type": 3,"api": "csp_Ysgc","searchable": 1,"quickSearch": 1,"filterable": 1,"m3u8ads": "hd.youyhn.com","ext": "https://www.ysgc.fun"},





{"key":"Dm84","name":" 🦸┃动漫┃巴士","type":3,"api":"csp_Dm84","searchable":1,"quickSearch":1,"filterable":1},

{"key": "csp_Ying","name": "🌸┃樱花┃动漫","type": 3,"api": "csp_Ying","searchable": 1,"quickSearch": 1,"filterable": 1},

{"key": "csp_Ysj","name": "🐲┃异界┃动漫","type": 3,"api": "csp_Ysj","searchable": 1,"quickSearch": 1,"filterable": 1},

{"key": "csp_Anime1","name": "💀┃日本┃动漫","type": 3,"api": "csp_Anime1","searchable": 1,"quickSearch": 1,"filterable": 1},

{"key":"csp_XBiuCOKEMV","name":"🍬┃可乐┃影视","type":3,"api":"csp_Cokemv","searchable": 1,"quickSearch": 1,"filterable": 1,"playerType": 2},

{"key":"csp_Bd","name":"🎵┃哔滴┃影视","type":3,"api":"csp_Bdys01","searchable":1,"quickSearch":1,"filterable":1},


{"key":"在线之家","name":"🎞┃在线┃之家","type":3,"api":"csp_Zxzj","searchable":1,"quickSearch":1,"filterable":1,"ext": "https://www.zxzjhd.com/"},




//阿里云盘系列

{"key": "csp_FanYY","name": "🧸┃玩偶┃影视","type": 3,"api": "csp_WoGG","searchable": 1,"quickSearch": 1,"filterable": 1,"ext": "http://127.0.0.1:9978/file/fatcat/token.txt"},
{"key": "csp_search_七夜","name": "👴┃七夜┃搜索","type": 3,"api": "csp_Dovx","searchable": 1,"quickSearch": 1,"filterable": 0,"ext": "http://127.0.0.1:9978/file/fatcat/token.txt"},

{"key": "TuGou","name": "🐶┃土狗┃搜索","type": 3,"api": "csp_TuGou","searchable": 1,"quickSearch": 1,"ext": "http://127.0.0.1:9978/file/fatcat/token.txt"},
    
{"key": "csp_search_PanSearch","name": "🗂️┃盘搜┃搜索","type": 3,"api": "csp_PanSearch", "searchable": 1,"quickSearch": 1,"filterable": 0,"ext": "http://127.0.0.1:9978/file/fatcat/token.txt"},


{"key":"csp_search_Yisou","name":"🐏┃易搜┃搜索","type":3,"api":"csp_YiSo","playerType":1,"searchable":1,"quickSearch":1,"filterable":0,"ext":"http://127.0.0.1:9978/file/fatcat/token.txt"},

{"key":"csp_search_Zhaozy","name":"🐑┃资源┃搜索","type":3,"api":"csp_Zhaozy","playerType":1,"searchable":1,"quickSearch" :0,"filterable":0,"ext":"http://127.0.0.1:9978/file/fatcat/token.txt$$$feimao$$$123456"},
{"key":"csp_search_Upyunso","name":"🐐┃云搜┃搜索","type":3,"api":"csp_UpYun","playerType":1,"searchable":1,"quickSearch" :1,"filterable":0,"ext":"http://127.0.0.1:9978/file/fatcat/token.txt"},
{"key":"csp_search_Alips","name":"🦌┃盘搜┃搜索","type":3,"api":"csp_PanSou","playerType":1,"searchable":1,"quickSearch" :1,"filterable":0,"ext":"http://127.0.0.1:9978/file/fatcat/token.txt"},

{"key":"push_agent","name":"▶┃推送┃磁力","type":3,"api":"csp_Push","playerType":1,"searchable":0,"quickSearch":0,"filterable":0,"ext":"http://127.0.0.1:9978/file/fatcat/token.txt"}, 
   
    {
      "key": "csp_xb_zxzj",
      "name": "在线之家(XBiu)",
      "type": 3,
      "api": "csp_XBiu",
      "searchable": 1,
      "quickSearch": 1,
      "filterable": 0,
      "ext": "http://home.jundie.top:666/json/XBiu/zxzj.json"
    },
    {
      "key": "csp_xb_auete",
      "name": "AUETE(XBiu)",
      "type": 3,
      "api": "csp_XBiu",
      "searchable": 1,
      "quickSearch": 1,
      "filterable": 0,
      "ext": "http://home.jundie.top:666/json/XBiu/auete.json"
    },
   
   
   
    {
      "key": "csp_xb_zbk",
      "name": "真不卡(XBiu)",
      "type": 3,
      "api": "csp_XBiu",
      "searchable": 1,
      "quickSearch": 1,
      "filterable": 0,
      "ext": "https://www.zbkk.net/vodshow/{cateId}--------{catePg}---.html"
    },
    {
      "key": "csp_xb_ysgc",
      "name": "影视工厂(XBiu)",
      "type": 3,
      "api": "csp_XBiu",
      "searchable": 1,
      "quickSearch": 1,
      "filterable": 0,
      "ext": "https://www.ysgc.fun/vodtype/{cateId}-{catePg}.html"
    },
    {
      "key": "csp_xb_cokemv",
      "name": "cokemv(XBiu)",
      "type": 3,
      "api": "csp_XBiu",
      "searchable": 1,
      "quickSearch": 1,
      "filterable": 0,
      "ext": "https://cokemv.me/vodshow/{cateId}--------{catePg}---.html"
    },
   
   
    {
      "key": "push_agent",
      "name": "推送",
      "type": 3,
      "api": "csp_PushAgent",
      "searchable": 1,
      "quickSearch": 1,
      "playerType": 1,
      "filterable": 1,
      "ext": "token;desc"
    }
  ],
  "parses": [
    {
      "name": "Web聚合",
      "type": 3,
      "url": "Web"
    },
    {
      "name": "Json聚合",
      "type": 3,
      "url": "Demo"
    },
    {
      "name": "xmflv",
      "type": 0,
      "url": "https://jx.xmflv.com/?url="
    },
    {
      "name": "freejson",
      "type": 0,
      "url": "https://h5.freejson.xyz/player/?url="
    },
    {
      "name": "365",
      "type": 0,
      "url": "https://chaxun.truechat365.com/?url=",
      "ext": {
        "flag": [
          "qq",
          "腾讯",
          "qiyi",
          "iqiyi",
          "爱奇艺",
          "奇艺",
          "youku",
          "优酷",
          "mgtv",
          "芒果",
          "letv",
          "乐视",
          "pptv",
          "PPTV",
          "sohu",
          "bilibili",
          "哔哩哔哩",
          "哔哩"
        ]
      }
    },
    {
      "name": "parwix稳定",
      "type": 0,
      "url": "https://jx.bozrc.com:4433/player/?url=",
      "ext": {
        "flag": [
          "qq",
          "腾讯",
          "qiyi",
          "iqiyi",
          "爱奇艺",
          "奇艺",
          "youku",
          "优酷",
          "mgtv",
          "芒果",
          "letv",
          "乐视",
          "pptv",
          "PPTV",
          "sohu",
          "bilibili",
          "哔哩哔哩",
          "哔哩"
        ]
      }
    },
    {
      "name": "parwix1",
      "type": 0,
      "url": "https://jx.parwix.com:4433/player/?url=",
      "ext": {
        "flag": [
          "qq",
          "腾讯",
          "qiyi",
          "iqiyi",
          "爱奇艺",
          "奇艺",
          "youku",
          "优酷",
          "mgtv",
          "芒果",
          "letv",
          "乐视",
          "pptv",
          "PPTV",
          "sohu",
          "bilibili",
          "哔哩哔哩",
          "哔哩"
        ]
      }
    },
    {
      "name": "parwix2",
      "type": 0,
      "url": "https://jx.parwix.com:4433/player/analysis.php?v=",
      "ext": {
        "flag": [
          "qq",
          "腾讯",
          "qiyi",
          "iqiyi",
          "爱奇艺",
          "奇艺",
          "youku",
          "优酷",
          "mgtv",
          "芒果",
          "letv",
          "乐视",
          "pptv",
          "PPTV",
          "sohu",
          "bilibili",
          "哔哩哔哩",
          "哔哩"
        ]
      }
    },
    {
      "name": "夜幕",
      "type": 0,
      "url": "https://www.yemu.xyz/?url=",
      "ext": {
        "flag": [
          "qq",
          "腾讯",
          "qiyi",
          "iqiyi",
          "爱奇艺",
          "奇艺",
          "youku",
          "优酷",
          "mgtv",
          "芒果",
          "letv",
          "乐视",
          "pptv",
          "PPTV",
          "sohu",
          "bilibili",
          "哔哩哔哩",
          "哔哩"
        ]
      }
    },
    {
      "name": "8090",
      "url": "https://www.8090g.cn/?url="
    },
    {
      "name": "油果",
      "type": 1,
      "url": "http://json.youguo520.top/fufeng/?url=",
      "ext": {
        "flag": [
          "qq",
          "腾讯",
          "qiyi",
          "iqiyi",
          "爱奇艺",
          "奇艺",
          "youku",
          "优酷",
          "mgtv",
          "芒果",
          "letv",
          "乐视",
          "pptv",
          "PPTV",
          "sohu",
          "bilibili",
          "哔哩哔哩",
          "哔哩"
        ],
        "header": {
          "User-Agent": "Dart/2.14 (dart:io)"
        }
      }
    },
    {
      "name": "懒懒1",
      "type": 1,
      "url": "http://123.57.56.94:9931/lanlan/?url="
    },
    {
      "name": "EXO",
      "type": 0,
      "url": "https://rx.69mj.com/?url=",
      "ext": {
        "flag": [
          "rx",
          "qq",
          "腾讯",
          "qiyi",
          "爱奇艺",
          "奇艺",
          "youku",
          "优酷",
          "mgtv",
          "芒果"
        ]
      }
    },
    {
      "name": "懒懒2",
      "type": 1,
      "url": "http://lanlan.ckflv.cn/?url=",
      "ext": {
        "flag": [
          "qiyi",
          "qq",
          "letv",
          "sohu",
          "youku",
          "mgtv",
          "bilibili",
          "wasu",
          "xigua",
          "1905"
        ]
      }
    },
    {
      "name": "parwix",
      "type": 0,
      "url": "https://jx.parwix.com:4433/player/?url="
    }
  ],
  "flags": [
    "youku",
    "qq",
    "iqiyi",
    "qiyi",
    "letv",
    "sohu",
    "tudou",
    "pptv",
    "mgtv",
    "wasu",
    "bilibili",
    "renrenmi"
  ],
  "wallpaper": "http://www.kf666888.cn/api/tvbox/img"
}