{
"sites":[

{"key":"csp_如意4K","name":"🚀如意4K","type":3,"api":"csp_AppYsV2","searchable":1,"quickSearch":1,"filterable":1,"ext":"http://cms.maoyingshi.cc/api.php/app/"},
{"key":"js七七","name":"🌈┃七七┃影视","type":3,"api":"http://alist.xn--z7x900a.love:63/drpy2.min.js","ext":"http://alist.xn--z7x900a.love:63/酷云77.js","searchable": 1,"quickSearch": 1,"filterable": 1},

 {"key": "csp_apple",  "name": "┃苹果┃影视", "type": 3,"api": "csp_LiteApple", "playerType": 1,"searchable": 1, "quickSearch":1, "filterable": 1},
 {
            "key": "js豆瓣",
            "name": "┃豆瓣┃",
            "type": 3,
            "api": "http://alist.xn--z7x900a.love:63/drpy2.min.js",
            "ext": "http://alist.xn--z7x900a.love:63/豆瓣.js"
        },
{"key": "csp_XYQ_lu1","name":"🐼️┃电视┃直播","type": 3,"api": "csp_XYQHiker","searchable": 1,"quickSearch": 1,"filterable": 0,"ext":"http://我不是.肥猫.love:63/ningmeng.json"},
{"key": "直播转点播","name":"🐼️┃电视┃直播","type": 3,"api":"http://我不是.肥猫.love:63/JS/直播转点播2.js","ext":"http://我不是.肥猫.love:63/lives/直播仓.json"},





{"key": "csp_BuLei","name":"🍩┃布雷┃影视","type": 3,"api": "csp_BuLei","searchable": 1,"quickSearch": 1,"filterable": 1,"ext":"https://v.bulei.cc"},

{"key":"YQK_spider","name":"🙆┃一起┃电视","api":"csp_YQKAPP","type":3,"filterable":1,"playerType":2,"quickSearch":1,"searchable":1,"ext": "https://api-tx.11ty.top","m3u8ads": "hd.youyhn.com"},

{"key": "csp_AppMr","name": "👻┃明明┃影视","type": 3,"api": "csp_AppMr","searchable": 1,"quickSearch": 1,"filterable": 1},

{"key":"csp_DiDuan" ,"name":"⏮️┃低端┃影视","type":3,"api":"csp_Ddrk","click": "ddys.tv;#vjsp > button","searchable":1,"quickSearch":1,"filterable":0},

{"key":"Czsapp","name":"🏭┃厂长┃影视","type":"3","api":"csp_Czsapp","searchable":"1","quickSearch":"1","filterable":"1"},

{"key": "csp_biubiu_voflix","name": "🌀┃Vof┃影视","type": 3,"api": "csp_XBPQ","searchable": 1,"quickSearch": 1,"filterable": 1,"ext": "http://我不是.肥猫.love:63/json/voflix.json"},

{"key": "csp_MeiJu69","name": "🗽┃六九┃美剧","type": 3,"api":"csp_MeiJu69","searchable": 1,"quickSearch": 1,"filterable": 1,"ext": "https://www.69mj.com/"},
    

{"key": "csp_Hlsp","name": "👿┃黑料┃影视","type": 3,"api": "csp_Hlsp","searchable": 1,"quickSearch": 1,"filterable": 1,"ext": "http://我不是.肥猫.love:63/json/黑料.json"},

//{"key": "csp_Yht","name":"🌵┃荷塘┃影视","type": 3,"api": "csp_Yht","searchable": 1,"quickSearch": 1,"filterable": 1,"ext": "https://yehetang.cc"},

//{"key": "Tian","name": "🐾┃天天┃影视","type": -1,"api": "csp_Dora","searchable": 1,"quickSearch": 1,"filterable": 1,"ext":"bdc1c75081e5e477189a463baa47e392"},

{"key":" 在线┃直播","name":"📺┃在线┃直播","type":3,"api":"csp_Yj1211","searchable":1,"quickSearch":1,"filterable":1},

{"key":"Xinsj","name":"🌟┃视觉┃影视","type":"3","api":"csp_Xinsj","searchable":"1","quickSearch":"1","filterable":"1","ext":"https://www.6080dy2.com"},

//{"key":"csp_XBPQ新视觉","name":"🌟┃视觉┃影视","type":3,"api":"csp_XBPQ","searchable":1,"quickSearch":1,"filterable":0,"ext":"http://我不是.肥猫.love:63/json/新视觉影院.json"},

//"key":"csp_biubiu_鸭奈飞","name":"🦆┃奈飞┃影视","type":3,"api":"csp_XBPQ","searchable":1,"quickSearch":1,"ext":"http://我不是.肥猫.love:63/json/鸭奈飞.json"},

{"key":"csp_AppTT","name":"🐰┃图图┃影视","type":3,"api": "csp_AppTT","searchable": 1,"quickSearch": 1,"filterable": 1,"ext": "tv$$$dlJYWXFYbkgqbmlsU1JLIyNkMFZ0OE1JdzRJQW1yY3I=$$$Y2hpbkpaUzdiKnpYbzZzWQ==$$$aHR0cDovL2FwaS50dDU4LnR2L2NvbmZpZy9uZXd0di5qc29uP3NzPQ==","m3u8ads": "hd.youyhn.com"},

{"key":"Kuaikan","name":"👀┃快看┃影视","type":3,"api":"csp_Kuaikan","searchable":1,"quickSearch":1,"filterable":1},

//{"key":"csp_app_源头","name":"🐈┃肥猫┃蓝光","type":1,"playerType":2,"api":"http://我是.肥猫.love:63/api.php/provide/vod/","searchable":1,"quickSearch":1,"filterable":1},

//{"key":"csp_xyq肥猫","name":"🐈┃肥猫┃影院","type":3,"api":"csp_XYQHiker","searchable":1,"quickSearch":1,"filterable":1,"ext":"http://我不是.肥猫.love:63/json/肥猫影视.json"},

//{"key":"csp_肥猫X","name":"🐈┃肥猫┃影院","type":3,"api":"csp_XBPQ","searchable":1,"quickSearch":1,"filterable":0,"ext":"http://我不是.肥猫.love:63/json/肥猫影院.json"},


//"playurl":"json:http://xn--wnup5g.xn--z7x900a.love:63/Art/analysis.php?v="


//{"key": "xxyy","name": "🦄┃小路┃影院","type":1,"api":"http://47.108.39.249:9684/ms=10A","searchable": 1,"quickSearch": 1,"filterable": 1,"categories": ["4K专区"]},

{"key":"csp_Lib","name":"💫┃Lib  ┃影视","type":3,"api":"csp_Libvio","searchable":1,"playerType":2,"quickSearch":1,"filterable":0,"ext":"https://tv.libvio.cc"},

{"key":"Lezhu","name":"🐷┃乐猪┃影视","api":"csp_XBPQ","type":3,"filterable":1,"quickSearch":1,"searchable":1,"ext":"http://我不是.肥猫.love:63/json/乐猪.json"},

{"key": "csp_XBPQ秋霞影视","name": "️🍂┃秋霞┃影视","type": 3,"api": "csp_XBPQ","searchable": 1,"quickSearch": 1,"filterable": 0,"ext": {
       "分类":"电影$1#连续剧$2#动漫$4#综艺$3",
       "分类url":"https://www.qiuxia360.com/vodshow/{cateId}-{area}-{by}-{class}-----{catePg}---{year}.html;;val",
"跳转播放链接": "https://www.jfxz689.com/?url=+vod_class*url\":\"&&\"+&tm=+\"tm\":&&,+&key=+\"key\"*\"&&\"",
"二次跳转播放链接": "https://www.jfxz689.com/API.php;post;url=+\"url\"*\"&&\"+&time=+\"time\"*\"&&\"+&key=+\"key\"*\"&&\"",
"三次跳转播放链接": "\"url\"*\"&&\""}
},


{"key":"csp_Smdyy","name": "🐴┃神马┃影视","type": 3,"api": "csp_Smdyy","searchable": 1,"quickSearch": 1,"filterable": 1},

//{"key":"csp_Lgyy","name":"🌀┃蓝光┃影视","type":3,"api":"csp_Lgyy","searchable":1,"quickSearch":1,"filterable":1},

//{"key":"XBPQ_Lgyy","name":"🌀┃蓝光┃影视","type":3,"api":"csp_XBPQ","searchable":1,"quickSearch":1,"filterable":1,"ext":"http://我不是.肥猫.love:63/json/蓝光影院.json"},

//{"key":"csp_fant","name":"🍙┃饭团┃影视","type":3,"api":"csp_Fantuan","filterable":1,"quickSearch":1,"searchable":1},

{"key":"XBPQ_fant","name":"🍙┃饭团┃影视","type":3,"api":"csp_XBPQ","filterable":1,"quickSearch":1,"searchable":1,"ext":"http://我不是.肥猫.love:63/json/饭团影视.json"},

{"key":"XBPQ_fant2","name":"🍙┃饭团┃影院","type":3,"api":"csp_XBPQ","filterable":1,"quickSearch":1,"searchable":1,"ext":"http://我不是.肥猫.love:63/json/饭团影院.json"},

//{"key":"XBPQ_007","name":"🍆┃零七┃影视","type":3,"api":"csp_XBPQ","filterable":1,"quickSearch":1,"searchable":1,"ext":"http://我不是.肥猫.love:63/json/零零七影视.json"},

//{"key":"csp_Dy1010","name":"❤️┃双十┃影视","type":3,"api":"csp_Dy1010","searchable":1,"quickSearch":1,"filterable":1},

{"key": "csp_panghu","name": "🐯┃胖虎┃影视","type": 3,"api": "csp_Panghu","searchable": 1,"quickSearch": 1,"filterable": 1},

//{"key":"mtv_XBPQ_胖虎影视","name":"🐯┃胖虎┃影视","type":3,"api":"csp_XBPQ","searchable":1,"quickSearch":1,"filterable":1,"ext":"http://我不是.肥猫.love:63/json/胖虎影视.json"},

{"key":"mtv_XBPQ_映迷影视","name":"🐾┃映迷┃影视","type":3,"api":"csp_XBPQ","searchable":1,"quickSearch":1,"filterable":1,"ext":"http://我不是.肥猫.love:63/json/映迷影院.json"},


//{"key":"云播影视","name":"🏖️┃云播┃影视","type":3,"api":"csp_XBPQ","searchable":1,"quickSearch":1,"filterable":0,"ext":"免嗅:1,分类url:http://www.tvyb03.com/vod/show/area/{area}/by/{by}/class/{class}/id/{cateId}/year/{year}.html"},

{"key":"csp_555","name":"5️⃣️┃555┃影视","type":3,"api":"csp_XBPQ","searchable":1,"quickSearch":1,"filterable":0,"ext":"http://我不是.肥猫.love:63/json/555.json"},

//{"key":"csp_appysv2_555电影","name":"5️⃣️┃555┃影视","type":3,"api":"csp_AppYsV2","searchable":1,"quickSearch":1,"filterable":1,"ext":"https://www.555ys1.com/api.php/app/"},



//{"key":"csp_XBPQ新大米","name":"🌾┃大米┃影视","type":3,"api":"csp_XBPQ","searchable":1,"quickSearch":1,"filterable":0,"ext":{"分类":"电影$20#连续剧$21#综艺$22#动漫$23#福利$35","分类url":"https://www.dmdy6.cc/vodshow/{cateId}-{area}-{by}-{class}-{lang}----{catePg}---{year}/pjax/YES.html"}},

//{"key":"csp_XBPQ二萌","name":"🦝┃二萌┃影视","type":3,"api":"csp_XBPQ","searchable":1,"quickSearch":1,"filterable":0,"ext":{"分类":"电影$dianying#连续剧$lianxuju#综艺$zongyi#动漫$dongman","分类url":"https://ys.ccmoe.cc/vodshow/{cateId}--{by}--{class}----{cateid}---{year}/"}},

//{"key":"喵影视","name":"🐈┃喵喵┃影视","type":3,"api":"csp_XBPQ","searchable":1,"quickSearch":1,"filterable":0,"ext":{"免嗅":"1","分类url":"http://www.miaoys.cc/index.php/vod/show/area/{area}/by/{by}/class/{class}/id/{cateId}/page/{catePg}/year/{year}.html"}},

{"key":"csp_Nkdy","name":"🗽┃南柯┃影视","type":3,"api":"csp_Nkdy","searchable":1,"quickSearch":1,"filterable":1},

{"key":"csp_Auete","name":"🏝┃Aue ┃影视","type": 3,"api":"csp_Auete","searchable":1,"quickSearch":1,"filterable":1},

//{"key":"csp_Mjxq","name":"🌏┃美剧┃影视","type":3,"api":"csp_Mjxq","searchable":1,"quickSearch":1,"filterable":1},



//{"key":"ai","name":"🐨┃爱奇┃官源","type":3,"api":"csp_IQIYI","quickSearch":1,"searchable":1,"filterable":1},

{"key":"drpy_js_奇珍异兽","name":"🐨┃爱奇┃官源","type":3,"api":"http://id.ganggang.live:63/js/drpy.min.js","ext":"http://id.ganggang.live:63/js/奇珍异兽.js"},

{"key":"teng","name":"🐧┃企鹅┃官源","type": 3,"api":"csp_Qtv","searchable": 1,"quickSearch": 1,"filterable":1},

//{"key":"csp_SP360","name":"📺┃360┃官源","type":3,"api":"csp_SP360","searchable":1,"quickSearch":1,"filterable":1},

{"key":"csp_SP360","name":"📺┃360┃官源","type":3,"api":"csp_XBPQ","searchable":1,"quickSearch":1,"filterable":1,"ext":"http://我不是.肥猫.love:63/json/360影视.json"},

{"key":"MGT","name":"🍋┃芒果┃官源","type":3,"api":"csp_Mgtv","searchable":1,"quickSearch":1,"filterable":1},





{"key": "csp_Ysgc","name": "🎥┃影视┃工厂","type": 3,"api": "csp_Ysgc","searchable": 1,"quickSearch": 1,"filterable": 1,"m3u8ads": "hd.youyhn.com","ext": "https://www.ysgc.fun"},



{"key":"csp_XBiu口袋影院","name": "📩┃口袋┃影视","type": 3,"api": "csp_XBiu","ext": {"homeUrl": "http://www.koudaitv.com/type/{cateId}-{catePg}.html","playlist":{"sort":1}}},

{"key":"csp_XBiu233动漫","name": "🦁┃233┃动漫","type": 3,"api": "csp_XBiu","ext": "https://www.233dm.cc/show/{cateId}--------{catePg}---.html"},

{"key":"Dm84","name":" 🦸┃动漫┃巴士","type":3,"api":"csp_Dm84","searchable":1,"quickSearch":1,"filterable":1},

{"key": "csp_Ying","name": "🌸┃樱花┃动漫","type": 3,"api": "csp_Ying","searchable": 1,"quickSearch": 1,"filterable": 1},

{"key": "csp_Ysj","name": "🐲┃异界┃动漫","type": 3,"api": "csp_Ysj","searchable": 1,"quickSearch": 1,"filterable": 1},

{"key": "csp_Anime1","name": "💀┃日本┃动漫","type": 3,"api": "csp_Anime1","searchable": 1,"quickSearch": 1,"filterable": 1},

{"key":"csp_XBiuCOKEMV","name":"🍬┃COK┃影视","type":3,"api":"csp_XBiu","ext":"https://cokemv.me/vodshow/{cateId}--------{catePg}---.html"},

{"key":"csp_Bd","name":"🎵┃哔滴┃影视","type":3,"api":"csp_Bdys01","searchable":1,"quickSearch":1,"filterable":1},

{"key":"csp_Bttoo","name":"🔺┃Btto┃影视","api":"csp_Bttwoo","type":3,"filterable":1,"quickSearch":1,"searchable":1},

{"key":"农民","name":"🤴┃农民┃影视","type":3,"api":"csp_Nmys","searchable":1,"quickSearch":1,"filterable":1,"ext":"https://ghproxy.com/https://raw.githubusercontent.com/tv-player/tvbox-line/main/box/ext/jwkui9su.json"},

//{"key":"Zjdr","name":"🏃┃追剧┃达人","type":3,"api":"csp_Zjdr","searchable":1,"quickSearch":1,"filterable":1},

{"key":"在线之家","name":"🎞┃在线┃之家","type":3,"api":"csp_Zxzj","searchable":1,"quickSearch":1,"filterable":1},

{"key": "csp_FanYY","name": "🧸┃玩偶┃影视","type": 3,"api": "csp_WoGG","searchable": 1,"quickSearch": 1,"filterable": 1,"ext": "http://127.0.0.1:9978/file/fatcat/token.txt"},
{"key": "csp_search_七夜","name": "👴┃七夜┃搜索","type": 3,"api": "csp_Dovx","searchable": 1,"quickSearch": 1,"filterable": 0,"ext": "http://127.0.0.1:9978/file/fatcat/token.txt"},

{"key": "TuGou","name": "🐶┃土狗┃搜索","type": 3,"api": "csp_TuGou","searchable": 1,"quickSearch": 1,"ext": "http://127.0.0.1:9978/file/fatcat/token.txt"},
    
{"key": "csp_search_PanSearch","name": "🗂️┃盘搜┃搜索","type": 3,"api": "csp_PanSearch", "searchable": 1,"quickSearch": 1,"filterable": 0,"ext": "http://127.0.0.1:9978/file/fatcat/token.txt"},


{"key":"csp_search_Yisou","name":"🐏┃易搜┃搜索","type":3,"api":"csp_YiSo","playerType":1,"searchable":1,"quickSearch":1,"filterable":0,"ext":"http://127.0.0.1:9978/file/fatcat/token.txt"},

{"key":"csp_search_Zhaozy","name":"🐑┃资源┃搜索","type":3,"api":"csp_Zhaozy","playerType":1,"searchable":1,"quickSearch" :0,"filterable":0,"ext":"http://127.0.0.1:9978/file/fatcat/token.txt$$$feimao$$$123456"},
{"key":"csp_search_Upyunso","name":"🐐┃云搜┃搜索","type":3,"api":"csp_UpYun","playerType":1,"searchable":1,"quickSearch" :1,"filterable":0,"ext":"http://127.0.0.1:9978/file/fatcat/token.txt"},
{"key":"csp_search_Alips","name":"🦌┃盘搜┃搜索","type":3,"api":"csp_PanSou","playerType":1,"searchable":1,"quickSearch" :1,"filterable":0,"ext":"http://127.0.0.1:9978/file/fatcat/token.txt"},

{"key":"push_agent","name":"▶┃推送┃磁力","type":3,"api":"csp_Push","playerType":1,"searchable":0,"quickSearch":0,"filterable":0,"ext":"http://127.0.0.1:9978/file/fatcat/token.txt"}, 
{"key":"csp_BBB","name":"🅱┃哔哩┃合集","type":3,"api":"csp_Bili","searchable":1,"quickSearch":0,"filterable":1,"ext":"http://我不是.肥猫.love:63/json/bili.json"},

{"key":"csp_戏曲","name":"🅱┃哔哩┃戏曲","type": 3,"api": "csp_Bili","searchable": 1,"quickSearch": 0,"filterable": 1,"ext":"http://我不是.肥猫.love:63/json/戏曲.json"},

{"key":"演唱会","name":"🅱┃哔哩┃音乐","type":3,"api":"csp_Bili","searchable":0,"quickSearch":0,"filterable":1,"ext":"http://我不是.肥猫.love:63/json/ych.json"},


{"key":"js虎牙","name":"🐅┃虎牙┃直播","type":3,"api":"http://id.ganggang.live:63/js/drpy.min.js","ext":"http://id.ganggang.live:63/js/虎牙直播.js","searchable": 0,"quickSearch": 0,"filterable": 0},

{"key":"csp_XYQBiu_斗鱼","name":"🐟┃斗鱼┃直播","type":3,"api":"csp_XYQBiu","searchable":0,"quickSearch":0,"filterable":0,"ext":"http://我不是.肥猫.love:63/json/斗鱼.json"},

{"key": "csp_XBPQ_抓饭体育","name": "🤾┃抓饭┃体育","type": 3,"api": "csp_XBPQ","searchable": 1,"quickSearch": 1,"filterable": 0,"ext": "{\"分类url\":\"https://www.zhuafan.tech/sports-home/category/{cateId}\",\"分类\":\"全部$/all#足球$Football#篮球$Basketball#羽乒$Badminton#台球$Billiards#棒球$Baseball#户外$Outdoors#搏击$Wrestling#综合$Others#棋盘$Boardgame#电竞$Popular#网球$Tennis#排球$Volleyball#聊天$Chat#原声$Acoustic\",\"热门推荐\":\"1\",\"起始页\":\"1\",\"直接播放\":\"1\",\"数组\":\"{&&}\",\"图片\":\"imageUrl\\\":\\\"&&\\\"\",\"标题\":\"cname\\\":\\\"&&\\\"\",\"链接\":\"id\\\":\\\"&&\\\"\",\"链接前缀\":\"https://www.zhuafan.tech/\"}"},

{"key": "csp_XPath_企鹅体育","name": "🐧┃企鹅┃体育","type": 3,"api": "csp_XPath","searchable": 0,"quickSearch": 0,"filterable": 0,"ext": "http://我不是.肥猫.love:63/json/企鹅直播.json"},

{"key": "dr_88看球","name": "🏀┃八八┃看球","type": 3,"api": "http://id.ganggang.live:63/js/drpy.min.js","searchable": 0,"quickSearch": 0,"filterable": 0,"ext": "http://id.ganggang.live:63/js/88%E7%9C%8B%E7%90%83.js"},

//{"key": "JRS看球网","name": "🏀┃JRS┃看球","type": 3,"api": "csp_XPath","searchable": 0,"quickSearch": 0,"filterable": 0,"ext": "http://我不是.肥猫.love:63/json/dj看球.json"},

{"key":"drpy_js_JRKAN直播","name":"🏀┃JRS┃看球","type":3,"api":"http://id.ganggang.live:63/js/drpy.min.js","ext":"http://id.ganggang.live:63/js/JRKAN直播.js"},

{"key":"csp_XYQBiu_聚合短视频","name":"📽️┃视频┃聚合","type":3,"api":"csp_XYQBiu","searchable":0,"quickSearch":0,"filterable":0,"ext":"http://我不是.肥猫.love:63/json/短视频.json"},
           
{"key":"drpy_js_有声小说吧","name":"📻┃有声┃小说","type":3,"api":"http://id.ganggang.live:63/js/drpy.min.js","ext":"http://id.ganggang.live:63/js/%E6%9C%89%E5%A3%B0%E5%B0%8F%E8%AF%B4%E5%90%A7.js","jar":"http://我不是.肥猫.love:63/Jar/JS.jar;md5;74A24673CC1587FA87EC2D1F43BFA4CB"
},

{"key" :"drpy_js_蜻蜓FM","name" : "📻┃蜻蜓┃收音","type" : 3,"api" :"http://id.ganggang.live:63/js/drpy.min.js","ext":"http://id.ganggang.live:63/js/蜻蜓FM.js","jar":"http://我不是.肥猫.love:63/Jar/JS.jar;md5;74A24673CC1587FA87EC2D1F43BFA4CB"},

{"key":"csp_Nbys","name":"✈┃泥巴┃墙外","type": 3,"api": "csp_NiNi","searchable": 1,"quickSearch": 1,"filterable": 1},

{"key":"csp_trj","name": "✈┃唐人┃墙外","type": 3,"api": "csp_Tangrenjie","searchable": 1,"quickSearch": 1,"filterable": 1},

{"key":"csp_If101","name":"✈┃If10 ┃墙外","type":3,"api":"csp_If101","searchable":1,"quickSearch":1,"filterable":1},

{"key":"csp_Xiaoh","name":"✈┃小宝┃墙外","type":3,"api":"csp_Xiaoh","searchable":1,"quickSearch":1,"filterable":1},

{"key":"儿童","name":"📚┃少儿┃教育","type":3,"api":"csp_Bili","searchable":1,"quickSearch":1,"filterable":1,"ext":"http://52bsj.vip:81/api/v3/file/get/61578/%E5%B0%91%E5%84%BF%E6%95%99%E8%82%B2.json?sign=3BlFTWj-rXJPPgJB6eQ1_C0odRnDCaW28cr8afXaO_I%3D%3A0"},

{"key":"小学","name":"📚┃小学┃课堂","type":3,"api":"csp_Bili","searchable":1,"quickSearch":1,"filterable":1,"ext":"http://52bsj.vip:81/api/v3/file/get/61579/%E5%B0%8F%E5%AD%A6%E8%AF%BE%E5%A0%82.json?sign=Oqbf9547dxbhVTf07kdHsuNZgzIWH2UT9uY7zRbTA5M%3D%3A0"},

{"key":"初中","name":"📚┃初中┃课堂","type":3,"api":"csp_Bili","searchable":1,"quickSearch":1,"filterable":1,"ext":"http://52bsj.vip:81/api/v3/file/get/61581/%E5%88%9D%E4%B8%AD%E8%AF%BE%E5%A0%82.json?sign=7Jxqd0BzuIm-2OvXZyoRasDb1P3OojENYkxLf6bhLr0%3D%3A0"},

{"key":"高中","name":"📚┃高中┃课堂","type":3,"api":"csp_Bili","searchable":1,"quickSearch":1,"filterable":1,"ext":"http://52bsj.vip:81/api/v3/file/get/61580/%E9%AB%98%E4%B8%AD%E8%AF%BE%E5%A0%82.json?sign=ESNTJf_EMO0ch_J5j-kV35jFLeg1GvG4VJjUqW2DJCc%3D%3A0"},

{"key":"push_agent","name":"▶┃推送┃磁力","type":3,"api":"csp_Push","playerType":1,"searchable":0,"quickSearch":0,"filterable":0,"ext":"http://我不是.肥猫.love:63/token.php"}, 

{"key": "ext_live_protocol","name": "关注公众号“肥猫不肥”","type": 3,"api": "http://alist.肥猫.love:63/协议.js","ext": "clan://proxy?sourcekey=ext_live_protocol"}],

"lives":[


    
{
      "name": "live",
      "url": "http://我不是.肥猫.love:63/TV/tvzb.txt",
      "type": 0,
      "playerType":1,
      "epg": "http://epg.51zmt.top:8000/api/diyp/?ch={name}&date={date}",
      "logo": "https://epg.112114.xyz/logo/{name}.png",
      "ua": "Mozilla/5.0 (Windows NT 10.0; Win64; x64) AppleWebKit/537.36 (KHTML, like Gecko) Chrome/108.0.0.0 Safari/537.36"
    },    
    {"group":"redirect",
    "channels":[{
    "name":"redirect",
    "urls":["proxy://do=live&type=txt&ext=aHR0cDovL3huLS1paHF1MTBjbjRjLnhuLS16N3g5MDBhLmxvdmU6NjMvVFYvdHZ6Yi50eHQ="]}]
    }],




"parses":[


{"name":"Json轮询","type":2,"url":"Sequence"},
{"name":"Json并发","type":2,"url":"Parallel"},
{"name":"解析聚合","type":3,"url":"Demo"},

//{"name":"Q1解析","type":1,"url":"https://parse.ikunfk.cc/parse/sign/74e860ee6889f03cae108d6c228aa725?url=","header":{"User-Agent":"Mozilla/5.0"}},
//{"name":"Q1官解","type":1,"url":"https://lan.ccabc.cc/feimao.php?url=","header":{"User-Agent":"Mozilla/5.0"}},
//{"name":"星辰云解析①","type":1,"url":"http://jiexi.xn--9kq078cdn3a.cc/api/?key=GMp1H9mKRKVriBulRT&url=","header":{"User-Agent":"Mozilla/5.0"}},



//{"name":"刚刚走过","type":1,"url":"http://jx.fuqizhishi.com:63/API.php?appkey=feimao&url=","ext":{"flag":["qq","腾讯","qiyi","爱奇艺","奇艺","youku","优酷","mgtv","芒果","letv","乐视","pptv","PPTV","sohu","bilibili","哔哩哔哩","哔哩"],"header":{"User-Agent":"Mozilla/5.0"}}},

 {
		"name": "bozrc",
		"type": 0,
		"url": "https://jx.bozrc.com:4433/player/?url=",
		"ext": {
			"flag": ["qq", "腾讯", "qiyi", "爱奇艺", "奇艺", "youku", "优酷", "mgtv", "芒果", "letv", "乐视", "pptv", "PPTV", "sohu", "bilibili", "哔哩哔哩", "哔哩"],"header":{"User-Agent":"okhttp/4.1.0"}
		}   
	},
	{
            "name": "星辰云解析",
            "type": 1,
            "url": "https://json.key521.cn/api/?key=114441a8f7ffa6b182994bc88ae45bb3&url=",
            "ext": {
                "flag": [
                    "qq",
                    "腾讯",
                    "企鹅",
                    "IQiYi",
                    "qiyi",
                    "爱奇艺",
                    "奇艺",
                    "youku",
                    "YouKu",
                    "优酷",
                    "sohu",
                    "SoHu",
                    "搜狐",
                    "letv",
                    "LeShi",
                    "乐视",
                    "imgo",
                    "mgtv",
                    "MangGuo",
                    "芒果",
                    "SLYS4k",
                    "BYGA",
                    "luanzi",
                    "AliS",
                    "dxzy",
                    "bilibili",
                    "QEYSS",
                    "xigua",
                    "西瓜视频",
                    "腾讯视频",
                    "奇艺视频",
                    "优酷视频",
                    "芒果视频",
                    "乐视视频"
                    
                ]
            }
        },
        {
            "name": "喵喵喵",
            "type": 1,
            "url": "https://vip.blbo.cc:2222/api/?key=9f230d947680de53b544be747efa8e54&url=",
            "ext": {
                "flag": [
                    "qq",
                    "腾讯",
                    "企鹅",
                    "IQiYi",
                    "qiyi",
                    "爱奇艺",
                    "奇艺",
                    "youku",
                    "YouKu",
                    "优酷",
                    "sohu",
                    "SoHu",
                    "搜狐",
                    "letv",
                    "LeShi",
                    "乐视",
                    "imgo",
                    "mgtv",
                    "MangGuo",
                    "芒果",
                    "SLYS4k",
                    "BYGA",
                    "luanzi",
                    "AliS",
                    "dxzy",
                    "bilibili",
                    "QEYSS",
                    "xigua",
                    "西瓜视频",
                    "腾讯视频",
                    "奇艺视频",
                    "优酷视频",
                    "芒果视频",
                    "乐视视频"
                    
                ]
            }
        },


{
            "name": "255",
            "type": 1,
            "url": "http://47.108.39.237:55/api/jsonindex.php/?key=dp2xOsl8Nws8uFdY0E&url=",
            "ext": {
                "flag": [
                    "qq",
                    "腾讯",
                    "企鹅",
                    "IQiYi",
                    "qiyi",
                    "爱奇艺",
                    "奇艺",
                    "youku",
                    "YouKu",
                    "优酷",
                    "sohu",
                    "SoHu",
                    "搜狐",
                    "letv",
                    "LeShi",
                    "乐视",
                    "imgo",
                    "mgtv",
                    "MangGuo",
                    "芒果",
                    "SLYS4k",
                    "BYGA",
                    "luanzi",
                    "AliS",
                    "dxzy",
                    "bilibili",
                    "QEYSS",
                    "xigua",
                    "西瓜视频",
                    "腾讯视频",
                    "奇艺视频",
                    "优酷视频",
                    "芒果视频",
                    "乐视视频"
                    
                ]
            }
        },

{
            "name": "肥猫官解",
            "type": 1,
            "url": "https://b.umkan.cc/API.php?url=",
            "ext": {
                "flag": [
                    "qq",
                    "腾讯",
                    "企鹅",
                    "IQiYi",
                    "qiyi",
                    "爱奇艺",
                    "奇艺",
                    "youku",
                    "YouKu",
                    "优酷",
                    "sohu",
                    "SoHu",
                    "搜狐",
                    "letv",
                    "LeShi",
                    "乐视",
                    "imgo",
                    "mgtv",
                    "MangGuo",
                    "芒果",
                    "SLYS4k",
                    "BYGA",
                    "luanzi",
                    "AliS",
                    "dxzy",
                    "bilibili",
                    "QEYSS",
                    "xigua",
                    "西瓜视频",
                    "腾讯视频",
                    "奇艺视频",
                    "优酷视频",
                    "芒果视频",
                    "乐视视频"
                    
                ]
            }
        },
{"name" : "瞄影嗅探","type":0,"url":"http://www.miaoys.cc/vip/?url="},

{
            "name": "刚刚走过",
            "type": 1,
            "url": "http://jx.fuqizhishi.com:63/API.php?appkey=feimao&url=",
            "ext": {
                "flag": [
                    "qq",
                    "腾讯",
                    "企鹅",
                    "IQiYi",
                    "qiyi",
                    "爱奇艺",
                    "奇艺",
                    "youku",
                    "YouKu",
                    "优酷",
                    "sohu",
                    "SoHu",
                    "搜狐",
                    "letv",
                    "LeShi",
                    "乐视",
                    "imgo",
                    "mgtv",
                    "MangGuo",
                    "芒果",
                    "SLYS4k",
                    "BYGA",
                    "luanzi",
                    "AliS",
                    "dxzy",
                    "bilibili",
                    "QEYSS",
                    "xigua",
                    "西瓜视频",
                    "腾讯视频",
                    "奇艺视频",
                    "优酷视频",
                    "芒果视频",
                    "乐视视频"
                    
                ]
            }
        },

    
{"name":"keyu","type":1,"url":"http://newjiexi.gotka.top/keyu3.php?url=","ext":{"flag":["qq","腾讯","qiyi","爱奇艺","奇艺","youku","优酷","mgtv","芒果","letv","乐视","pptv","PPTV","sohu","bilibili","哔哩哔哩","哔哩"],"header":{"User-Agent":"okhttp/4.1.0"}}}],

"flags": [
        "youku",
        "qq",
        "QQ",
        "iqiyi",
        "qiyi",
        "letv",
        "sohu",
        "tudou",
        "pptv",
        "PPTV",
        "mgtv",
        "ltnb",
        "rx",
        "SLYS4k",
        "BYGA",
        "BYGB",
        "luanzi",
        "dxzy",
        "QEYSS",
        "aliyun",
        "AliS",
        "122",
        "chuangying",
        "CL4K",
        "xfyun",
        "wuduzy",
        "wasu",
        "bilibili",
        "renrenmi",
        "xmm",
        "xigua",
        "m1905 ",
        "funshion ",
        "优酷",
        "芒果",
        "腾讯",
        "爱奇艺",
        "奇艺",
        "哔哩哔哩",
        "哔哩",
        "西瓜视频",
        "腾讯视频",
        "奇艺视频",
        "优酷视频",
        "芒果视频",
        "乐视视频"
    ],
    
"ijk":[
{"group":"软解码","options":[
{"category":4,"name":"opensles","value":"0"},
{"category":4,"name":"overlay-format","value":"842225234"},
{"category":4,"name":"framedrop","value":"1"},
{"category":4,"name":"soundtouch","value":"1"},
{"category":4,"name":"start-on-prepared","value":"1"},
{"category":1,"name":"http-detect-range-support","value":"0"},
{"category":2,"name":"skip_loop_filter","value":"48"},
{"category":4,"name":"reconnect","value":"1"},
{"category":4,"name":"enable-accurate-seek","value":"0"},
{"category":4,"name":"mediacodec","value":"0"},
{"category":4,"name":"mediacodec-auto-rotate","value":"0"},
{"category":4,"name":"mediacodec-handle-resolution-change","value":"0"},
{"category":4,"name":"mediacodec-hevc","value":"0"},
{"category":1,"name":"dns_cache_timeout","value":"600000000"}
]},
{"group":"硬解码","options":[
{"category":4,"name":"opensles","value":"0"},
{"category":4,"name":"overlay-format","value":"842225234"},
{"category":4,"name":"framedrop","value":"1"},
{"category":4,"name":"soundtouch","value":"1"},
{"category":4,"name":"start-on-prepared","value":"1"},
{"category":1,"name":"http-detect-range-support","value":"0"},
{"category":1,"name":"fflags","value":"fastseek"},
{"category":2,"name":"skip_loop_filter","value":"48"},
{"category":4,"name":"reconnect","value":"1"},
{"category":4,"name":"enable-accurate-seek","value":"0"},
{"category":4,"name":"mediacodec","value":"1"},
{"category":4,"name":"mediacodec-auto-rotate","value":"1"},
{"category":4,"name":"mediacodec-handle-resolution-change","value":"1"},
{"category":4,"name":"mediacodec-hevc","value":"1"},
{"category":1,"name":"dns_cache_timeout","value":"600000000"}
]}
],

"ads":["https://lf1-cdn-tos.bytegoofy.com/obj/tos-cn-i-dy/455ccf9e8ae744378118e4bd289288dd","mimg.0c1q0l.cn","www.googletagmanager.com","www.google-analytics.com","wan.51img1.com","mc.usihnbcq.cn","mg.g1mm3d.cn","mscs.svaeuzh.cn","cnzz.hhttm.top","tp.vinuxhome.com","cnzz.mmstat.com","www.baihuillq.com","s23.cnzz.com","z3.cnzz.com","c.cnzz.com","stj.v1vo.top","z12.cnzz.com","img.mosflower.cn","tips.gamevvip.com","ehwe.yhdtns.com","xdn.cqqc3.com","www.jixunkyy.cn","sp.chemacid.cn","hm.baidu.com","s9.cnzz.com","z6.cnzz.com","um.cavuc.com","mav.mavuz.com","wofwk.aoidf3.com","z5.cnzz.com","xc.hubeijieshikj.cn","tj.tianwenhu.com","xg.gars57.cn","k.jinxiuzhilv.com","cdn.bootcss.com","ppl.xunzhuo123.com","xomk.jiangjunmh.top","img.xunzhuo123.com","z1.cnzz.com","s13.cnzz.com","xg.huataisangao.cn","z7.cnzz.com","xg.huataisangao.cn","z2.cnzz.com","s96.cnzz.com","q11.cnzz.com","thy.dacedsfa.cn","xg.whsbpw.cn","s19.cnzz.com","z8.cnzz.com","s4.cnzz.com","f5w.as12df.top","ae01.alicdn.com","www.92424.cn","k.wudejia.com","vivovip.mmszxc.top","qiu.xixiqiu.com","cdnjs.hnfenxun.com","cms.qdwght.com"],
"wallpaper":"http://我不是.肥猫.love:63/pic/feimao.php","warningText":"接口完全免费，切勿付费购买。",
 "spider":"https://gitee.com/zxsjc/hbzxsjc/raw/master/fm.jar" 
}