{
  "spider": "https://jihulab.com/ymz1231/jar/-/raw/main/ymz5.jar",
  "warningText": "🐱夜猫子提醒您:本接口长期更新 完全免费 请放心使用🐱",
  "sites": [
    {
      "key": "dr_77",
      "name": "🛩️┃酷云秒播┃",
      "type": 3,
      "api": "https://agit.ai/Yemaozhi123/yemao/raw/branch/master/lib/drpy2.min.js",
      "searchable": 0,
      "quickSearch": 0,
      "filterable": 0,
      "ext": "https://jihulab.com/ymz1231/js/-/raw/main/酷云77.js"
    },
    {
      "key": "csp_apple",
      "name": "🍎┃小苹果┃",
      "type": 3,
      "api": "csp_LiteApple",
      "playerType": 1,
      "searchable": 1,
      "quickSearch": 1,
      "filterable": 1
    },
    {
      "key": "dr_hqu",
      "name": "🦚️好趣直播",
      "type": 3,
      "api": "https://agit.ai/Yemaozhi123/yemao/raw/branch/master/lib/drpy2.min.js",
      "searchable": 0,
      "quickSearch": 0,
      "filterable": 0,
      "ext": "https://jihulab.com/ymz1231/js/-/raw/main/好趣网.js"
    },
    {
      "key": "csp_SP33",
      "name": "🍳┃33官源┃",
      "type": 3,
      "api": "csp_SP33",
      "searchable": 1,
      "quickSearch": 1,
      "filterable": 1,
      "changeable": 0
    },
    {
      "key": "drpy_js_腾云驾雾",
      "name": "🐧|官源",
      "type": 3,
      "api": "https://agit.ai/Yemaozhi123/yemao/raw/branch/master/lib/drpy2.min.js",
      "ext": "https://agit.ai/Yemaozhi123/yemao/raw/branch/master/js/腾讯.js"
    },
    {
      "key": "Qtv",
      "name": "🐧腾腾┃解析",
      "type": 3,
      "api": "csp_Qtv",
      "searchable": 1,
      "quickSearch": 1,
      "filterable": 1,
      "changeable": 0,
      "jar": ""
    },
    {
      "key": "drpy_js_百忙无果",
      "name": "官源 | 🥭",
      "type": 3,
      "api": "https://agit.ai/Yemaozhi123/yemao/raw/branch/master/lib/drpy2.min.js",
      "ext": "https://agit.ai/Yemaozhi123/yemao/raw/branch/master/js/百忙无果.js"
    },
    {
      "key": "Mtv",
      "name": "🍋芒芒┃解析",
      "type": 3,
      "api": "csp_Mtv",
      "searchable": 1,
      "quickSearch": 1,
      "filterable": 1,
      "changeable": 0,
      "jar": ""
    },
    {
      "key": "drpy_js_奇珍异兽",
      "name": "官源 |🥝",
      "type": 3,
      "api": "https://agit.ai/Yemaozhi123/yemao/raw/branch/master/lib/drpy2.min.js",
      "ext": "https://agit.ai/Yemaozhi123/yemao/raw/branch/master/js/奇珍异兽.js"
    },
    {
      "key": "Itv",
      "name": "🥝爱爱┃解析",
      "type": 3,
      "api": "csp_Itv",
      "quickSearch": 1,
      "searchable": 1,
      "filterable": 1,
      "changeable": 0,
      "jar": ""
    },
    {
      "key": "drpy_yh",
      "name": "官源 | ⛽",
      "type": 3,
      "api": "https://agit.ai/Yemaozhi123/yemao/raw/branch/master/lib/drpy2.min.js",
      "ext": "https://agit.ai/Yemaozhi123/yemao/raw/branch/master/js/优酷.js"
    },
    {
      "key": "drpy_js_菜狗",
      "name": "官源 | 🐕",
      "type": 3,
      "api": "https://agit.ai/Yemaozhi123/yemao/raw/branch/master/lib/drpy2.min.js",
      "ext": "https://agit.ai/Yemaozhi123/yemao/raw/branch/master/js/菜狗.js"
    },
    {
      "key": "聚合",
      "name": "影视聚合┃解析",
      "type": 3,
      "api": "csp_AppYsV2",
      "searchable": 1,
      "quickSearch": 1,
      "filterable": 1,
      "ext": "https://www.tvkuys.xyz/api.php/app/"
    },
    {
      "key": "csp_ymz",
      "name": "😽夜猫子┃4K",
      "type": 3,
      "api": "csp_AppYsV2",
      "m3u8ads": "hd.youyhn.com",
      "searchable": 1,
      "quickSearch": 1,
      "filterable": 1,
      "ext": "http://get.lfytyl.com/api.php/app/"
    },
    {
      "key": "csp_WoGG",
      "name": "🤡玩偶哥哥┃4K",
      "type": 3,
      "api": "csp_WoGG",
      "searchable": 1,
      "quickSearch": 1,
      "filterable": 1,
      "ext": "583bb878cc424a29859a28f41885d376+4k|auto$$$http://tvfan.xxooo.cf/"
    },
    {
      "key": "csp_XYQHikerAL_玩偶哥哥",
      "name": "🤖玩偶弟弟4k",
      "type": 3,
      "api": "csp_XYQHikerAL",
      "playerType": 1,
      "searchable": 1,
      "quickSearch": 1,
      "filterable": 1,
      "ext": "https://jihulab.com/ymz1231/json/-/raw/main/%E7%8E%A9%E5%81%B6%E5%93%A5%E5%93%A5.json"
    },
    {
      "key": "csp_XYQHikerlg4k",
      "name": "💋玩偶姐姐4k",
      "type": 3,
      "api": "csp_XYQHiker",
      "searchable": 1,
      "quickSearch": 1,
      "filterable": 1,
      "ext": "https://jihulab.com/ymz1231/json/-/raw/main/4KHDR.json"
    },
    {
      "key": "csp_XYQHiker4klg",
      "name": "💅🏻玩偶妹妹4k",
      "type": 3,
      "api": "csp_XYQHiker",
      "searchable": 1,
      "quickSearch": 1,
      "filterable": 1,
      "ext": "https://jihulab.com/ymz1231/json/-/raw/main/%E4%B8%AD%E5%9B%BD%E8%93%9D%E5%85%89%E7%BD%91.json"
    },
    {
      "key": "布雷",
      "name": "🍥布雷┃4K",
      "type": 3,
      "api": "csp_XYQHiker",
      "searchable": 1,
      "quickSearch": 1,
      "filterable": 1,
      "ext": "https://jihulab.com/ymz1231/json/-/raw/main/布蕾影城.json"
    },
    {
      "key": "csp_XYQHiker_‍dyx",
      "name": "🚢电影港磁力4k",
      "type": 3,
      "api": "csp_XYQHiker",
      "searchable": 1,
      "quickSearch": 1,
      "filterable": 1,
      "ext": "https://jihulab.com/ymz1231/json/-/raw/main/电影港.json"
    },
    {
      "key": "csp_xpath_yinfans",
      "name": "💥音范丝4K",
      "type": 3,
      "api": "csp_XPath",
      "searchable": 1,
      "quickSearch": 1,
      "filterable": 1,
      "ext": "https://jihulab.com/ymz1231/json/-/raw/main/音范丝.json"
    },
    {
      "key": "ity",
      "name": "爱TV丨4k",
      "type": 3,
      "api": "csp_XBPQ",
      "playerType": 2,
      "ext": {
        "数组": "<div class=\"stui-vodlist__box\">&&</div>",
        "副标题": "<span class=\"pic-text text-right\"><b>&&</b></span>",
        "分类": "电影$1#电视剧$2#动漫$4#综艺$3#记录$5#动画片$6",
        "分类url": "https://www.citydy.com/show/id-{cateId}/area/{area}/by/{by}/class/{class}/lang/{lang}/page/{catePg}/year/{year}.html"
      }
    },
    {
      "key": "看看资源",
      "name": "👁️看看剧┃",
      "type": 1,
      "api": "http://1.ahailove.cn:23450/api.php/provide/vod",
      "searchable": 1,
      "quickSearch": 1,
      "playUrl": "https://www.kankanju.cc/f/jxplayer.php?v=",
      "categories": [
        "电影",
        "连续剧",
        "综艺",
        "动漫"
      ]
    },
    {
      "key": "狐狸",
      "name": "🦊狐狸┃蓝光",
      "type": 3,
      "api": "csp_AppYsV2",
      "searchable": 1,
      "quickSearch": 1,
      "filterable": 1,
      "ext": "https://www.kuin.one/api.php/app/"
    },
    {
      "key": "csp_slgq",
      "name": "🏵️石榴蓝光",
      "type": 3,
      "api": "csp_XBPQ",
      "searchable": 1,
      "quickSearch": 1,
      "filterable": 1,
      "ext": "https://jihulab.com/ymz1231/json/-/raw/main/石榴高清.json"
    },
    {
      "key": "csp_dz",
      "name": "🦋┃蝶恋高清",
      "type": 3,
      "api": "csp_XBPQ",
      "searchable": 1,
      "quickSearch": 1,
      "filterable": 1,
      "ext": "https://jihulab.com/ymz1231/json/-/raw/main/蝶众高清.json"
    },
    {
      "key": "csp_kdb",
      "name": "🍌看点蓝光",
      "type": 3,
      "api": "csp_XBPQ",
      "searchable": 1,
      "quickSearch": 1,
      "filterable": 1,
      "ext": "https://jihulab.com/ymz1231/json/-/raw/main/看点播.json"
    },
    {
      "key": "csp_kc",
      "name": "🍵┃酷茶高清",
      "type": 3,
      "api": "csp_XBPQ",
      "searchable": 1,
      "quickSearch": 1,
      "filterable": 1,
      "ext": "https://jihulab.com/ymz1231/json/-/raw/main/%E9%85%B7%E8%8C%B6%E5%BD%B1%E8%A7%86.json"
    },
    {
      "key": "csp_fk",
      "name": "🍾菲克蓝光",
      "type": 3,
      "api": "csp_XBPQ",
      "searchable": 1,
      "quickSearch": 1,
      "filterable": 1,
      "ext": "https://jihulab.com/ymz1231/json/-/raw/main/菲克高清.json"
    },
    {
      "key": "csp_XBPQ_wz",
      "name": "👑┃王者影视┃",
      "type": 3,
      "api": "csp_XBPQ",
      "searchable": 1,
      "quickSearch": 1,
      "filterable": 1,
      "ext": "https://jihulab.com/ymz1231/json/-/raw/main/%E7%8E%8B%E8%80%85%E5%BD%B1%E8%A7%86.json"
    },
    {
      "key": "飞云",
      "name": "🚁飞云4k",
      "type": 3,
      "api": "csp_AppYsV2",
      "playerType": 2,
      "ext": "http://www.lfytyl.com/api.php/app/"
    },
    {
      "key": "随缘",
      "name": "🎁盒子4k",
      "type": 3,
      "api": "csp_AppYsV2",
      "playerType": 2,
      "ext": "http://xn--yeta099v.online:66/api.php/app/"
    },
    {
      "key": "酷影",
      "name": "😎酷影高清┃APP",
      "type": 3,
      "api": "csp_AppYsV2",
      "searchable": 1,
      "quickSearch": 1,
      "filterable": 1,
      "ext": "http://124.222.175.111:89/api.php/app/"
    },
    {
      "key": "酷影蓝光",
      "name": "🛸酷影蓝光┃APP",
      "type": 3,
      "api": "csp_AppYsV2",
      "searchable": 1,
      "quickSearch": 1,
      "filterable": 1,
      "ext": "https://www.tvkuys.xyz/api.php/app/"
    },
    {
      "key": "csp_AppYsV2_酷影蓝",
      "name": "🏍️酷影TVapp",
      "type": 3,
      "api": "csp_AppYsV2",
      "searchable": 1,
      "quickSearch": 1,
      "filterable": 1,
      "ext": "http://cms.wbsys.top:9835/api.php/app/"
    },
    {
      "key": "csp_appys_多米",
      "name": "🍚多米蓝光",
      "type": 3,
      "api": "csp_AppYsV2",
      "searchable": 1,
      "quickSearch": 1,
      "filterable": 1,
      "ext": "http://v.dmdh.top/api.php/app/"
    },
    {
      "key": "看看剧APP",
      "name": "👀看看剧",
      "type": 3,
      "api": "csp_AppYsV2",
      "searchable": 1,
      "quickSearch": 1,
      "filterable": 1,
      "ext": "https://kankanju.cc/api.php/app/"
    },
    {
      "key": "csp_aidi_api",
      "name": "🐩爱迪高清APP",
      "type": 3,
      "api": "csp_AppYsV2",
      "searchable": 1,
      "quickSearch": 1,
      "filterable": 1,
      "ext": "https://aidiapp.xyz/xgapp.php/v2/"
    },
    {
      "key": "csp_appys_996",
      "name": "🍻┣996┫APP",
      "type": 3,
      "api": "csp_AppYsV2",
      "searchable": 1,
      "quickSearch": 1,
      "filterable": 1,
      "ext": "http://dytt996.com/api.php/app/"
    },
    {
      "key": "csp_mengdandan_api",
      "name": "🥚萌蛋蛋APP",
      "type": 3,
      "api": "csp_AppYsV2",
      "searchable": 1,
      "quickSearch": 1,
      "filterable": 1,
      "ext": "http://app.mengdandan.com/xgapp.php/v1/"
    },
    {
      "key": "csp_appysv2_东方",
      "name": "🐲东方app",
      "type": 3,
      "api": "csp_AppYsV2",
      "searchable": 1,
      "quickSearch": 1,
      "filterable": 1,
      "ext": "https://www.dfspapp.com/api.php/app/"
    },
    {
      "key": "csp_三亚",
      "name": "🦢三亚┃App",
      "api": "csp_AppYsV2",
      "type": 3,
      "filterable": 1,
      "quickSearch": 1,
      "searchable": 1,
      "ext": "https://yayayaaapp.ynf.icu/api.php/app/"
    },
    {
      "key": "csp_AppYsV2_如意",
      "name": "💐如意app",
      "type": 3,
      "api": "csp_AppYsV2",
      "searchable": 1,
      "quickSearch": 1,
      "filterable": 1,
      "ext": "http://cms.maoyingshi.cc/api.php/app/"
    },
    {
      "key": "csp_appysv2_迷你库",
      "name": "🍯迷你库APP",
      "type": 3,
      "api": "csp_AppYsV2",
      "searchable": 1,
      "quickSearch": 1,
      "filterable": 1,
      "ext": "http://www.miniku.cc/xgapp.php/v1/"
    },
    {
      "key": "平头哥",
      "name": "⛄平头哥APP",
      "api": "csp_AppYsV2",
      "type": 3,
      "searchable": 1,
      "quickSearch": 1,
      "filterable": 1,
      "ext": "http://www.pingtouge.top/ruifenglb_api.php/v1.vod"
    },
    {
      "key": "csp_xml影视乐",
      "name": "🐏┃乐乐┃影视",
      "type": 3,
      "api": "csp_AppYsV2",
      "searchable": 1,
      "quickSearch": 1,
      "filterable": 1,
      "ext": "https://tv.ysle.cn/api.php/app/"
    },
    {
      "key": "csp_多线",
      "name": "🕸️多线┃蓝光",
      "type": 3,
      "api": "csp_AppYsV2",
      "m3u8ads": "hd.youyhn.com",
      "searchable": 1,
      "quickSearch": 1,
      "filterable": 1,
      "ext": "http://117.175.212.198:8088/api.php/app/"
    },
    {
      "key": "ity",
      "name": "爱TV丨4k",
      "type": 3,
      "api": "csp_XBPQ",
      "playerType": 2,
      "ext": {
        "数组": "<div class=\"stui-vodlist__box\">&&</div>",
        "副标题": "<span class=\"pic-text text-right\"><b>&&</b></span>",
        "分类": "电影$1#电视剧$2#动漫$4#综艺$3#记录$5#动画片$6",
        "分类url": "https://www.citydy.com/show/id-{cateId}/area/{area}/by/{by}/class/{class}/lang/{lang}/page/{catePg}/year/{year}.html"
      }
    },
    {
      "key": "csp_htl",
      "name": "🐺灰太狼蓝光",
      "type": 3,
      "api": "csp_XBPQ",
      "searchable": 1,
      "quickSearch": 1,
      "filterable": 1,
      "ext": "https://jihulab.com/ymz1231/json/-/raw/main/%E7%81%B0%E5%A4%AA%E7%8B%BC%E5%BD%B1%E8%A7%86.json"
    },
    {
      "key": "csp_AppTT",
      "name": "🐰图图2┃APP",
      "type": 3,
      "api": "csp_AppTT",
      "searchable": 1,
      "quickSearch": 1,
      "filterable": 1,
      "ext": "U2c3aDRRb0xMQnpWVjRhY1NSSyNIdW8wTkVCZG91ZWw=$$$U3FYMms0cWJZR2kzbzZzWQ==$$$aHR0cDovL2FwaS50dDU4LnR2L2NvbmZpZy9uZXd0di5qc29uP3NzPQ=="
    },
    {
      "key": "轻简",
      "name": "🍃轻简",
      "type": 1,
      "api": "http://1.ahailove.cn:23456/cj/api.php/provide/vod/",
      "categories": [
        "电影",
        "电视剧",
        "综艺",
        "动漫"
      ]
    },
    {
      "key": "app_快看",
      "name": "️💕快看采集",
      "type": 1,
      "api": "https://kuaikan-api.com/api.php/provide/vod",
      "categories": [
        "网络电影",
        "动画电影",
        "动作片",
        "冒险片",
        "喜剧片",
        "爱情片",
        "奇幻片",
        "灾难片",
        "科幻片",
        "恐怖片",
        "剧情片",
        "战争片",
        "国产动漫",
        "日本动漫",
        "国产剧",
        "韩国剧",
        "港台剧",
        "欧美剧",
        "国产综艺",
        "港台综艺"
      ]
    },
    {
      "key": "csp_策驰",
      "name": "🐴策驰高清",
      "type": 3,
      "api": "csp_XBPQ",
      "searchable": 1,
      "quickSearch": 1,
      "filterable": 1,
      "ext": "https://jihulab.com/ymz1231/json/-/raw/main/策驰影视.json"
    },
    {
      "key": "csp_mingd",
      "name": "🐳┃明帝高清",
      "type": 3,
      "api": "csp_XBPQ",
      "searchable": 1,
      "quickSearch": 1,
      "filterable": 1,
      "ext": "https://jihulab.com/ymz1231/json/-/raw/main/%E6%98%8E%E5%B8%9D.json"
    },
    {
      "key": "bei",
      "name": "🚢北川高清",
      "type": 3,
      "api": "csp_XBPQ",
      "ext": "https://jihulab.com/ymz1231/json/-/raw/main/北川影视.json"
    },
    {
      "key": "csp_rbzj",
      "name": "🍌热播之家",
      "type": 3,
      "api": "csp_XBPQ",
      "searchable": 1,
      "quickSearch": 1,
      "filterable": 1,
      "ext": "https://jihulab.com/ymz1231/json/-/raw/main/热播之家.json"
    },
    {
      "key": "dr_cz",
      "name": "🚚厂长蓝光",
      "type": 3,
      "api": "https://agit.ai/Yemaozhi123/yemao/raw/branch/master/lib/drpy2.min.js",
      "searchable": 0,
      "quickSearch": 0,
      "filterable": 0,
      "ext": "https://jihulab.com/ymz1231/js/-/raw/main/厂长资源.js"
    },
    {
      "key": "dr_qif",
      "name": "起飞影院",
      "type": 3,
      "api": "https://agit.ai/Yemaozhi123/yemao/raw/branch/master/lib/drpy2.min.js",
      "searchable": 0,
      "quickSearch": 0,
      "filterable": 0,
      "ext": "https://jihulab.com/ymz1231/js/-/raw/main/起飞影院.js"
    },
    {
      "key": "csp_热播剧",
      "name": "🌴热播蓝光(随缘)",
      "type": 3,
      "api": "csp_XBPQ",
      "searchable": 1,
      "quickSearch": 1,
      "filterable": 1,
      "ext": "https://jihulab.com/ymz1231/json/-/raw/main/热播库.json"
    },
    {
      "key": "csp_55",
      "name": "5️⃣️555高清",
      "type": 3,
      "api": "csp_XBPQ",
      "searchable": 1,
      "quickSearch": 1,
      "filterable": 1,
      "ext": "https://jihulab.com/ymz1231/json/-/raw/main/555影视.json"
    },
    {
      "key": "csp_xgyy",
      "name": "🐕小狗影视",
      "type": 3,
      "api": "csp_XBPQ",
      "searchable": 1,
      "quickSearch": 1,
      "filterable": 1,
      "ext": "https://jihulab.com/ymz1231/json/-/raw/main/%E5%B0%8F%E7%8B%97%E5%BD%B1%E9%99%A2.json"
    },
    {
      "key": "csp_ggun",
      "name": "🌵光棍高清",
      "type": 3,
      "api": "csp_XBPQ",
      "searchable": 1,
      "quickSearch": 1,
      "filterable": 1,
      "ext": "https://jihulab.com/ymz1231/json/-/raw/main/光棍影视.json"
    },
    {
      "key": "csp_miai",
      "name": "🌾米爱蓝光",
      "type": 3,
      "api": "csp_XBPQ",
      "searchable": 1,
      "quickSearch": 1,
      "filterable": 1,
      "ext": "https://jihulab.com/ymz1231/json/-/raw/main/米爱影视.json"
    },
    {
      "key": "csp_bt",
      "name": "😢鼻涕影视",
      "type": 3,
      "api": "csp_XBPQ",
      "searchable": 1,
      "quickSearch": 1,
      "filterable": 1,
      "ext": "https://jihulab.com/ymz1231/json/-/raw/main/%E9%BC%BB%E6%B6%95%E5%BD%B1%E8%A7%86.json"
    },
    {
      "key": "csp_XBPQ007",
      "name": "🚔┃零零柒┃",
      "type": 3,
      "api": "csp_XBPQ",
      "searchable": 1,
      "quickSearch": 1,
      "filterable": 1,
      "ext": "https://jihulab.com/ymz1231/json/-/raw/main/007%E5%BD%B1%E8%A7%86.json"
    },
    {
      "key": "csp_XYQHiker_ssou",
      "name": "🍜视频酷",
      "type": 3,
      "api": "csp_XYQHiker",
      "searchable": 1,
      "quickSearch": 1,
      "filterable": 1,
      "ext": "https://download.kstore.space/download/3313/mao/Vidhub视频库.json"
    },
    {
      "key": "初雨",
      "name": "🌧️初雨",
      "type": 1,
      "api": "http://tvappjsonapi.8kvod.com/8kvodapilgxcsssss.php/provide/vod/from/chuyu/",
      "categories": [
        "电影",
        "电视剧",
        "动漫",
        "国产剧",
        "综艺",
        "动作片",
        "喜剧片",
        "爱情片",
        "科幻片",
        "恐怖片",
        "剧情片",
        "战争片",
        "港台剧",
        "日韩剧",
        "欧美剧"
      ]
    },
    {
      "key": "XBPQsj",
      "name": "🔥┃新视觉┃",
      "type": 3,
      "api": "csp_XBPQ",
      "filterable": 1,
      "quickSearch": 1,
      "searchable": 1,
      "ext": "https://download.kstore.space/download/3313/mao/6080.json"
    },
    {
      "key": "XBPQ_ph",
      "name": "🐯┃胖虎┃影视",
      "type": 3,
      "api": "csp_XBPQ",
      "filterable": 1,
      "quickSearch": 1,
      "searchable": 1,
      "ext": "https://jihulab.com/ymz1231/json/-/raw/main/胖虎影视.json"
    },
    {
      "key": "csp_dmxq",
      "name": "🌾大米影视",
      "type": 3,
      "api": "csp_XBPQ",
      "searchable": 1,
      "quickSearch": 1,
      "filterable": 1,
      "ext": "https://jihulab.com/ymz1231/json/-/raw/main/%E5%A4%A7%E7%B1%B3%E6%98%9F%E7%90%83.json"
    },
    {
      "key": "csp_lb",
      "name": "🐳蓝博影视",
      "type": 3,
      "api": "csp_XBPQ",
      "searchable": 1,
      "quickSearch": 1,
      "filterable": 1,
      "ext": "https://jihulab.com/ymz1231/json/-/raw/main/兰博影视.json"
    },
    {
      "key": "csp_vo",
      "name": "🕊️瑞欧影视",
      "type": 3,
      "api": "csp_XBPQ",
      "searchable": 1,
      "quickSearch": 1,
      "filterable": 1,
      "ext": "https://jihulab.com/ymz1231/json/-/raw/main/%E7%91%9E%E6%AC%A7%E5%BD%B1%E8%A7%86.json"
    },
    {
      "key": "csp_66",
      "name": "🤙66影视",
      "type": 3,
      "api": "csp_XBPQ",
      "searchable": 1,
      "quickSearch": 1,
      "filterable": 1,
      "ext": "https://jihulab.com/ymz1231/json/-/raw/main/66%E5%BD%B1%E8%A7%86.json"
    },
    {
      "key": "csp_91",
      "name": "👇91影视",
      "type": 3,
      "api": "csp_XBPQ",
      "searchable": 1,
      "quickSearch": 1,
      "filterable": 1,
      "ext": "https://jihulab.com/ymz1231/json/-/raw/main/91%E5%BD%B1%E8%A7%86.json"
    },
    {
      "key": "drpy_101",
      "name": "🐽来欧来蓝光",
      "type": 3,
      "api": "https://agit.ai/Yemaozhi123/yemao/raw/branch/master/lib/drpy2.min.js",
      "ext": "https://jihulab.com/ymz1231/js/-/raw/main/l0l.js"
    },
    {
      "key": "csp_ttys",
      "name": "🦅天天影视",
      "type": 3,
      "api": "csp_XBPQ",
      "searchable": 1,
      "quickSearch": 1,
      "filterable": 1,
      "ext": "https://jihulab.com/ymz1231/json/-/raw/main/%E5%A4%A9%E5%A4%A9%E5%BD%B1%E8%A7%86.json"
    },
    {
      "key": "csp_XBPQ_nmys",
      "name": "🚲┃农民┃",
      "type": 3,
      "api": "csp_XBPQ",
      "searchable": 1,
      "quickSearch": 1,
      "filterable": 1,
      "ext": "https://jihulab.com/ymz1231/json/-/raw/main/%E5%86%9C%E6%B0%91%E5%BD%B1%E8%A7%86.json"
    },
    {
      "key": "csp_XBPQ_ml",
      "name": "🌼┃魔力┃高清",
      "type": 3,
      "api": "csp_XBPQ",
      "searchable": 1,
      "quickSearch": 1,
      "filterable": 1,
      "ext": "https://jihulab.com/ymz1231/json/-/raw/main/魔力影视.json"
    },
    {
      "key": "csp_XBPQ_yl影院",
      "name": "┃🐉御龙高清┃",
      "type": 3,
      "api": "csp_XBPQ",
      "searchable": 1,
      "quickSearch": 1,
      "filterable": 1,
      "ext": "https://jihulab.com/ymz1231/json/-/raw/main/御龙高清.json"
    },
    {
      "key": "csp_AppMr",
      "name": "🤖┃明明┃影视",
      "type": 3,
      "api": "csp_AppMr",
      "searchable": 1,
      "quickSearch": 1,
      "filterable": 1
    },
    {
      "key": "csp_DiDuan",
      "name": "☕┃低端┃影视",
      "type": 3,
      "api": "csp_Ddrk",
      "click": "ddys.tv;#vjsp > button",
      "searchable": 1,
      "quickSearch": 1,
      "filterable": 0
    },
    {
      "key": "csp_kuaikan",
      "name": "👀快看┃App",
      "type": 3,
      "api": "csp_Kuaikan",
      "searchable": 1,
      "quickSearch": 1,
      "filterable": 1
    },
    {
      "key": "csp_Ysgc",
      "name": "🏭工场┃直连",
      "type": 3,
      "api": "csp_Ysgc",
      "searchable": 1,
      "quickSearch": 1,
      "filterable": 1,
      "ext": "https://www.ysgc.vip"
    },
    {
      "key": "csp_zxzj",
      "name": "📗在线┃直连",
      "type": 3,
      "api": "csp_Zxzj",
      "searchable": 1,
      "quickSearch": 1,
      "filterable": 1,
      "ext": "https://www.zxzj.pro/"
    },
    {
      "key": "csp_Bttoo",
      "name": "✌比特┃直连",
      "type": 3,
      "api": "csp_Bttwoo",
      "searchable": 1,
      "quickSearch": 1,
      "filterable": 1
    },
    {
      "key": "csp_XBPQ_thys",
      "name": "⛴️┃土豪┃影视",
      "type": 3,
      "api": "csp_XBPQ",
      "searchable": 1,
      "quickSearch": 1,
      "filterable": 1,
      "ext": "https://jihulab.com/ymz1231/json/-/raw/main/土豪影视.json"
    },
    {
      "key": "csp_XBPQqiy",
      "name": "🥑┃奇优影院┃",
      "type": 3,
      "api": "csp_XBPQ",
      "searchable": 1,
      "quickSearch": 1,
      "filterable": 1,
      "ext": "https://jihulab.com/ymz1231/json/-/raw/main/%E5%A5%87%E4%BC%98%E5%BD%B1%E8%A7%86.json"
    },
    {
      "key": "csp_xBPQssi",
      "name": "🍣双十|高清",
      "type": 3,
      "api": "csp_XBPQ",
      "searchable": 1,
      "quickSearch": 1,
      "filterable": 1,
      "ext": "https://jihulab.com/ymz1231/json/-/raw/main/双十影视.json"
    },
    {
      "key": "XBPQ_fant",
      "name": "🍙┃饭团┃影视",
      "type": 3,
      "api": "csp_XBPQ",
      "filterable": 1,
      "quickSearch": 1,
      "searchable": 1,
      "ext": "http://我不是.肥猫.love:63/json/饭团影视.json"
    },
    {
      "key": "csp_XYQHiker_臭蛋蛋影视",
      "name": "🦶臭蛋蛋影视(XYQH)",
      "type": 3,
      "api": "csp_XYQHiker",
      "searchable": 1,
      "quickSearch": 1,
      "filterable": 1,
      "ext": "http://shuyuan.miaogongzi.net/shuyuan/1681153396.json"
    },
    {
      "key": "csp_58",
      "name": "🏵️58动漫",
      "type": 3,
      "api": "csp_XBPQ",
      "searchable": 1,
      "quickSearch": 1,
      "filterable": 1,
      "ext": "https://jihulab.com/ymz1231/json/-/raw/main/58%E5%8A%A8%E6%BC%AB.json"
    },
    {
      "key": "csp_XBPQ",
      "name": "🚧无名小站",
      "type": 3,
      "api": "csp_XBPQ",
      "searchable": 1,
      "quickSearch": 1,
      "filterable": 1,
      "ext": "https://jihulab.com/ymz1231/json/-/raw/main/无名小站.json"
    },
    {
      "key": "csp_xml_量子资源",
      "name": "🐝量子资源",
      "type": 1,
      "api": "http://cj.lziapi.com/api.php/provide/vod/",
      "playUrl": "",
      "searchable": 1,
      "quickSearch": 1,
      "categories": [
        "国产动漫",
        "国产剧",
        "动作片",
        "喜剧片",
        "爱情片",
        "动画片",
        "冒险片",
        "武侠片",
        "科幻片",
        "战争片",
        "日韩剧",
        "港台剧",
        "欧美剧",
        "泰国剧",
        "海外剧",
        "日韩动漫",
        "欧美动漫",
        "国内综艺",
        "海外综艺",
        "恐怖片",
        "灾难片",
        "悬疑片",
        "纪录片",
        "惊悚片",
        "奇幻片",
        "剧情片"
      ]
    },
    {
      "key": "非凡",
      "name": "🦅非凡",
      "type": "0",
      "api": "http://cj.ffzyapi.com/api.php/provide/vod/at/xml/",
      "searchable": "1",
      "changeable": "0",
      "categories": [
        "国产动漫",
        "日韩动漫",
        "国产剧",
        "韩国剧",
        "日本剧",
        "电影片",
        "连续剧",
        "综艺片",
        "动漫片",
        "动作片",
        "喜剧片",
        "爱情片",
        "科幻片",
        "恐怖片",
        "剧情片",
        "战争片",
        "香港剧",
        "欧美剧",
        "记录片",
        "台湾剧",
        "海外剧",
        "泰国剧",
        "大陆综艺",
        "港台综艺",
        "日韩综艺",
        "欧美综艺",
        "欧美动漫",
        "港台动漫",
        "海外动漫"
      ]
    },
    {
      "key": "drpy_qy",
      "name": "🐵奇优影院",
      "type": 3,
      "api": "https://agit.ai/Yemaozhi123/yemao/raw/branch/master/lib/drpy2.min.js",
      "ext": "https://download.kstore.space/download/3313/js/奇优影院.js"
    },
    {
      "key": "drpy_yak",
      "name": "😻粤爱看",
      "type": 3,
      "api": "https://agit.ai/Yemaozhi123/yemao/raw/branch/master/lib/drpy2.min.js",
      "ext": "https://download.kstore.space/download/3313/js/粤爱看.js"
    },
    {
      "key": "drpy_tvb",
      "name": "☁️云播",
      "type": 3,
      "api": "https://agit.ai/Yemaozhi123/yemao/raw/branch/master/lib/drpy2.min.js",
      "ext": "https://download.kstore.space/download/3313/js/云播.js"
    },
    {
      "key": "csp_Nbys",
      "name": "🛫泥巴(墙外)",
      "type": 3,
      "api": "csp_NiNi",
      "searchable": 1,
      "quickSearch": 1,
      "filterable": 1
    },
    {
      "key": "drpy_xb",
      "name": "🛫小宝影视(墙外)",
      "type": 3,
      "api": "https://agit.ai/Yemaozhi123/yemao/raw/branch/master/lib/drpy2.min.js",
      "ext": "https://agit.ai/Yemaozhi123/yemao/raw/branch/master/js/%e5%b0%8f%e5%ae%9d%e5%bd%b1%e9%99%a2.js"
    },
    {
      "key": "csp_XBPQaol",
      "name": "🛫┃爱欧乐┃",
      "type": 3,
      "api": "csp_XBPQ",
      "searchable": 1,
      "quickSearch": 1,
      "filterable": 1,
      "ext": "https://jihulab.com/ymz1231/json/-/raw/main/爱欧乐影视.json"
    },
    {
      "key": "drpy_trj",
      "name": "🛫唐人街(墙外)",
      "type": 3,
      "api": "https://agit.ai/Yemaozhi123/yemao/raw/branch/master/lib/drpy2.min.js",
      "ext": "https://agit.ai/ixinshang/dr_py/raw/branch/master/js/唐人街影视[飞].js"
    },
    {
      "key": "drpy_hh",
      "name": "🛫吼吼影视(墙外)",
      "type": 3,
      "api": "https://agit.ai/Yemaozhi123/yemao/raw/branch/master/lib/drpy2.min.js",
      "ext": "https://download.kstore.space/download/3313/js/HoHo影视.js"
    },
    {
      "key": "drpy_od",
      "name": "🛫欧帝影视(墙外)",
      "type": 3,
      "api": "https://agit.ai/Yemaozhi123/yemao/raw/branch/master/lib/drpy2.min.js",
      "ext": "https://download.kstore.space/download/3313/js/欧帝影院.js"
    },
    {
      "key": "drpy_dbk",
      "name": "🛫独播影视(墙外)",
      "type": 3,
      "api": "https://agit.ai/Yemaozhi123/yemao/raw/branch/master/lib/drpy2.min.js",
      "ext": "https://agit.ai/ixinshang/dr_py/raw/branch/master/js/独播库[飞].js"
    },
    {
      "key": "drpy_js_楚门影院.js]",
      "name": " 🛫| 楚门影院.js",
      "type": 3,
      "api": "https://agit.ai/Yemaozhi123/yemao/raw/branch/master/lib/drpy2.min.js",
      "ext": "https://agit.ai/ixinshang/dr_py/raw/branch/master/js/楚门影院.js"
    },
    {
      "key": "drpy_kb",
      "name": "🛫酷播影视(墙外)",
      "type": 3,
      "api": "https://agit.ai/Yemaozhi123/yemao/raw/branch/master/lib/drpy2.min.js",
      "ext": "https://agit.ai/ixinshang/dr_py/raw/branch/master/js/KUBO影视[飞].js"
    },
    {
      "key": "dr_htu",
      "name": "✈️海兔影院[飞]",
      "type": 3,
      "api": "https://agit.ai/Yemaozhi123/yemao/raw/branch/master/lib/drpy2.min.js",
      "searchable": 0,
      "quickSearch": 0,
      "filterable": 0,
      "ext": "https://jihulab.com/ymz1231/js/-/raw/main/海兔影院_飞_.js"
    },
    {
      "key": "dr_flin",
      "name": "✈️枫林影院[飞]",
      "type": 3,
      "api": "https://agit.ai/Yemaozhi123/yemao/raw/branch/master/lib/drpy2.min.js",
      "searchable": 0,
      "quickSearch": 0,
      "filterable": 0,
      "ext": "https://jihulab.com/ymz1231/js/-/raw/main/枫林网_飞_.js"
    },
    {
      "key": "Gitcafe",
      "name": "☁️小纸条云盘",
      "type": 3,
      "api": "csp_Gitcafe",
      "playerType": 1,
      "searchable": 1,
      "quickSearch": 1,
      "filterable": 1,
      "ext": "http://127.0.0.1:9978/file/fatcat/token.txt"
    },
    {
      "key": "csp_Zhaozy",
      "name": "☁️找资源云盘",
      "type": 3,
      "api": "csp_Zhaozy",
      "playerType": 1,
      "searchable": 1,
      "quickSearch": 1,
      "filterable": 0,
      "ext": "http://127.0.0.1:9978/file/fatcat/token.txt"
    },
    {
      "key": "csp_AliPS",
      "name": "☁️盘搜云盘",
      "type": 3,
      "api": "csp_AliPS",
      "playerType": 1,
      "searchable": 1,
      "quickSearch": 1,
      "filterable": 0,
      "ext": "http://127.0.0.1:9978/file/fatcat/token.txt"
    },
    {
      "key": "csp_Yisou",
      "name": "☁️易搜云盘",
      "type": 3,
      "api": "csp_Yisou",
      "playerType": 1,
      "searchable": 1,
      "quickSearch": 1,
      "filterable": 0,
      "ext": "http://127.0.0.1:9978/file/fatcat/token.txt"
    },
    {
      "key": "csp_Upyunso",
      "name": "☁️云搜云盘",
      "type": 3,
      "api": "csp_Upyunso",
      "playerType": 1,
      "searchable": 1,
      "quickSearch": 1,
      "filterable": 0,
      "ext": "http://127.0.0.1:9978/file/fatcat/token.txt"
    },
    {
      "key": "csp_XYQHiker_土拨鼠",
      "name": "☁️土拨鼠云盘",
      "type": 3,
      "api": "csp_XYQHiker",
      "playerType": 1,
      "searchable": 1,
      "quickSearch": 1,
      "filterable": 1,
      "ext": "https://jihulab.com/ymz1231/json/-/raw/main/%E5%9C%9F%E6%8B%A8%E9%BC%A0%E6%90%9C%E7%B4%A2.json"
    },
    {
      "key": "csp_XYQHikerAL_我的小站",
      "name": "☁️小站云盘",
      "type": 3,
      "api": "csp_XYQHikerAL",
      "playerType": 1,
      "searchable": 1,
      "quickSearch": 1,
      "filterable": 1,
      "ext": "https://jihulab.com/ymz1231/json/-/raw/main/%E6%88%91%E7%9A%84%E5%B0%8F%E7%AB%99.json"
    },
    {
      "key": "csp_XYQHikerAL_阿里云盘网",
      "name": "☁️阿里云盘",
      "type": 3,
      "api": "csp_XYQHikerAL",
      "playerType": 1,
      "searchable": 1,
      "quickSearch": 1,
      "filterable": 1,
      "ext": "https://jihulab.com/ymz1231/json/-/raw/main/%E9%98%BF%E9%87%8C%E4%BA%91%E7%9B%98.json"
    },
    {
      "key": "csp_XYQHikerAL_豆豆飞",
      "name": "☁️豆豆飞云盘",
      "type": 3,
      "api": "csp_XYQHikerAL",
      "playerType": 1,
      "searchable": 1,
      "quickSearch": 1,
      "filterable": 1,
      "ext": "https://jihulab.com/ymz1231/json/-/raw/main/%E8%B1%86%E8%B1%86%E9%A3%9E.json"
    },
    {
      "key": "csp_XYQHikerAL_橘子盘搜",
      "name": "☁️橘子盘搜云盘",
      "type": 3,
      "api": "csp_XYQHikerAL",
      "playerType": 1,
      "searchable": 1,
      "quickSearch": 1,
      "filterable": 1,
      "ext": "https://jihulab.com/ymz1231/json/-/raw/main/%E6%A9%98%E5%AD%90%E7%9B%98%E6%90%9C_1.json"
    },
    {
      "key": "csp_XYQHiker_DOVX搜索",
      "name": "☁️DOVX云盘",
      "type": 3,
      "api": "csp_XYQHiker",
      "playerType": 1,
      "searchable": 1,
      "quickSearch": 1,
      "filterable": 1,
      "ext": "https://jihulab.com/ymz1231/json/-/raw/main/DOVX%E6%90%9C%E7%B4%A2.json"
    },
    {
      "key": "csp_XYQBiu_云盘分享",
      "name": "☁️云盘分享云盘",
      "type": 3,
      "api": "csp_XYQBiu",
      "playerType": 1,
      "searchable": 1,
      "quickSearch": 1,
      "filterable": 1,
      "ext": "https://jihulab.com/ymz1231/json/-/raw/main/%E4%BA%91%E7%9B%98%E5%88%86%E4%BA%AB.json"
    },
    {
      "key": "csp_XYQHiker_盘搜索",
      "name": "☁️盘搜索云盘",
      "type": 3,
      "api": "csp_XYQHiker",
      "playerType": 1,
      "searchable": 1,
      "quickSearch": 1,
      "filterable": 1,
      "ext": "https://jihulab.com/ymz1231/json/-/raw/main/%E7%9B%98%E6%90%9C%E7%B4%A2.json"
    },
    {
      "key": "YiSo",
      "name": "😹易搜┃搜索",
      "type": 3,
      "api": "csp_YiSo",
      "searchable": 1,
      "quickSearch": 1,
      "filterable": 0,
      "changeable": 0,
      "ext": "583bb878cc424a29859a28f41885d376+4k|fhd|auto"
    },
    {
      "key": "Zhaozy",
      "name": "找资源┃搜索",
      "type": 3,
      "api": "csp_Zhaozy",
      "searchable": 1,
      "quickSearch": 1,
      "filterable": 0,
      "changeable": 0,
      "ext": "583bb878cc424a29859a28f41885d376$$$tvfan$$$tvfan"
    },
    {
      "key": "PanSou",
      "name": "🦊盘搜┃搜索",
      "type": 3,
      "api": "csp_PanSou",
      "searchable": 1,
      "quickSearch": 1,
      "filterable": 0,
      "changeable": 0,
      "ext": "583bb878cc424a29859a28f41885d376+4k|fhd|auto"
    },
    {
      "key": "UpYun",
      "name": "😻Up搜┃搜索",
      "type": 3,
      "api": "csp_UpYun",
      "searchable": 1,
      "quickSearch": 1,
      "filterable": 0,
      "changeable": 0,
      "ext": "583bb878cc424a29859a28f41885d376+4k|fhd|auto"
    },
    {
      "key": "PanSearch",
      "name": "🙀盘Se┃搜索",
      "type": 3,
      "api": "csp_PanSearch",
      "searchable": 1,
      "quickSearch": 1,
      "filterable": 0,
      "ext": "583bb878cc424a29859a28f41885d376+4k|fhd|auto"
    },
    {
      "key": "七夜",
      "name": "😾七夜┃搜索",
      "type": 3,
      "api": "csp_Dovx",
      "searchable": 1,
      "quickSearch": 1,
      "filterable": 0,
      "changeable": 0,
      "ext": "583bb878cc424a29859a28f41885d376+4k|fhd|auto"
    },
    {
      "key": "网络直播2点播",
      "name": "💻电视 | 直播",
      "type": 3,
      "api": "https://agit.ai/Yemaozhi123/yemao/raw/branch/master/lib/live2cms.js",
      "ext": "https://agit.ai/Yemaozhi123/yemao/raw/branch/master/lib/live2mv.json"
    },
    {
      "key": "csp_XYQHiker_虎牙直播",
      "name": "🐯虎牙直播(XYQH)",
      "type": 3,
      "api": "csp_XYQHiker",
      "searchable": 1,
      "quickSearch": 0,
      "filterable": 0,
      "ext": "https://download.kstore.space/download/3313/mao/%E8%99%8E%E7%89%99%E7%9B%B4%E6%92%AD.json"
    },
    {
      "key": "drpy_douy",
      "name": "🐅虎牙js",
      "type": 3,
      "api": "https://agit.ai/Yemaozhi123/yemao/raw/branch/master/lib/drpy2.min.js",
      "ext": "https://download.kstore.space/download/3313/mao/%E8%99%8E%E7%89%99%E7%9B%B4%E6%92%AD.js"
    },
    {
      "key": "csp_XYQBiu_斗鱼",
      "name": "🐟┃斗鱼┃直播",
      "type": 3,
      "api": "csp_XYQBiu",
      "searchable": 0,
      "quickSearch": 0,
      "filterable": 0,
      "ext": "http://52bsj.vip:81/api/v3/file/get/61539/%E6%96%97%E9%B1%BC%E7%9B%B4%E6%92%AD.json?sign=QstVfVPDwiqEABPoyKrhYV4WfMeyACXtB5TWIDPMHyE%3D%3A0"
    },
    {
      "key": "Bili",
      "name": "🅱哔哩┃哔哩",
      "type": 3,
      "api": "csp_Bili",
      "searchable": 1,
      "quickSearch": 0,
      "filterable": 0,
      "changeable": 0,
      "ext": "https://download.kstore.space/download/3313/mao/%E5%93%94%E7%AB%99.json"
    },
    {
      "key": "csp_XYQBiu_聚合短视频",
      "name": "📽️┃视频┃聚合",
      "type": 3,
      "api": "csp_XYQBiu",
      "searchable": 0,
      "quickSearch": 0,
      "filterable": 0,
      "ext": "http://52bsj.vip:81/api/v3/file/get/61576/%E5%88%86%E4%BA%AB%E7%9F%AD%E8%A7%86%E9%A2%91.json?sign=_4eGXzEgn-jwg69sp0jcc4W8Ze2psCeMUZafTfXQ8g8%3D%3A0"
    },
    {
      "key": "企鹅体育",
      "name": "🐧腾讯┃体育",
      "type": 3,
      "api": "csp_XPath",
      "searchable": 0,
      "quickSearch": 0,
      "filterable": 0,
      "ext": "https://download.kstore.space/download/3313/mao/ty.json"
    },
    {
      "key": "MTV转点播",
      "name": "🎶万首| MTV",
      "type": 3,
      "api": "https://agit.ai/Yemaozhi123/yemao/raw/branch/master/lib/lf_live_min.js",
      "ext": "https://agit.ai/lengniuge/mv/raw/branch/master/live_min.txt"
    },
    {
      "key": "PQ_ry",
      "name": "🎧音乐┃视频",
      "type": 4,
      "api": "http://120.53.102.254/live?url=https://notabug.org/qizhen15800/My9394/raw/master/live/DIY.txt",
      "searchable": 1,
      "quickSearch": 1,
      "filterable": 1
    },
    {
      "key": "dr_263",
      "name": "🌺高清MV",
      "type": 3,
      "api": "https://agit.ai/Yemaozhi123/yemao/raw/branch/master/lib/drpy2.min.js",
      "searchable": 0,
      "quickSearch": 0,
      "filterable": 0,
      "ext": "https://jihulab.com/ymz1231/js/-/raw/main/MV263.js"
    },
    {
      "key": "dr_pgdj",
      "name": "🍎苹果dj",
      "type": 3,
      "api": "https://agit.ai/Yemaozhi123/yemao/raw/branch/master/lib/drpy2.min.js",
      "searchable": 0,
      "quickSearch": 0,
      "filterable": 0,
      "ext": "https://jihulab.com/ymz1231/js/-/raw/main/%E8%8B%B9%E6%9E%9CDJ.js"
    },
    {
      "key": "da_ry",
      "name": "🎵音乐┃MV",
      "type": 4,
      "api": "http://120.53.102.254/dsp/",
      "searchable": 1,
      "quickSearch": 1,
      "filterable": 1
    },
    {
      "key": "js_DJ",
      "name": "🎧DJ┃摇摆吧",
      "type": 3,
      "api": "https://notabug.org/qizhen15800/My9394/raw/master/js/lib/drpy.min.js",
      "ext": "https://notabug.org/qizhen15800/My9394/raw/master/js/DJ音乐.js",
      "playerType": "2"
    },
    {
      "key": "drpy_qf",
      "name": "🍃清风DJ",
      "type": 3,
      "api": "https://agit.ai/Yemaozhi123/yemao/raw/branch/master/lib/drpy2.min.js",
      "ext": "https://download.kstore.space/download/3313/js/清风DJ.js"
    },
    {
      "key": "csp_ts",
      "name": "🏵️230听书",
      "type": 3,
      "api": "csp_XBPQ",
      "searchable": 1,
      "quickSearch": 1,
      "filterable": 1,
      "ext": "https://jihulab.com/ymz1231/json/-/raw/main/230.json"
    },
    {
      "key": "push_agent",
      "name": "📽推送",
      "type": 3,
      "api": "csp_PushAgent",
      "searchable": 1,
      "quickSearch": 1,
      "filterable": 0,
      "ext": "https://agit.ai/kankan314/cattv/raw/branch/master/token7.txt"
    }
  ],
  "parses": [
    {
      "name": "解析聚合",
      "type": 3,
      "url": "Demo"
    },
    {
      "name": "夜猫子4k",
      "type": 1,
      "url": "https://api.maoyingshi.cc/home/api?type=ys&uid=12105976&key=chklmnsvyDFIJMNT67&url=",
      "ext": {
        "flag": [
          "qq",
          "腾讯",
          "企鹅",
          "IQiYi",
          "qiyi",
          "爱奇艺",
          "奇艺",
          "youku",
          "YouKu",
          "优酷",
          "sohu",
          "SoHu",
          "搜狐",
          "letv",
          "LeShi",
          "乐视",
          "imgo",
          "mgtv",
          "MangGuo",
          "芒果",
          "SLYS4k",
          "BYGA",
          "luanzi",
          "AliS",
          "dxzy",
          "bilibili",
          "QEYSS",
          "xigua",
          "西瓜视频",
          "腾讯视频",
          "奇艺视频",
          "优酷视频",
          "芒果视频",
          "乐视视频"
        ]
      }
    },
    {
      "name": "腾腾解析",
      "type": 1,
      "url": "http://113.125.122.109:5555/aiku.php?url="
    },
    {
      "name": "高清解析1",
      "type": 1,
      "url": "https://vip.ckllk.com/API.php?appkey=404164cdd1472561b4c61f1845e0bff8&url="
    },
    {
      "name": "高清解析2",
      "type": 1,
      "url": "https://vip.xuux.icu/home/api?type=ys&uid=1325731&key=adfgilmnpwzBDEJPY3&url="
    },
    {
      "name": "高清解析3",
      "type": 1,
      "url": "http://113.125.122.109:5555/aiku.php?url="
    },
    {
      "name": "高清解析5",
      "type": 1,
      "url": "https://www.m3u8.tv.cache.janan.net:4433/json2020.php?uid=M3U8.TV&token=88888888&url=",
      "ext": {
        "flag": [
          "qq",
          "腾讯",
          "qiyi",
          "爱奇艺",
          "奇艺",
          "youku",
          "优酷",
          "mgtv",
          "芒果",
          "letv",
          "乐视",
          "pptv",
          "PPTV",
          "sohu",
          "bilibili",
          "哔哩哔哩",
          "哔哩"
        ],
        "header": {
          "User-Agent": "okhttp/4.1.0"
        }
      }
    },
    {
      "name": "高清解析6",
      "type": 1,
      "url": "http://27.124.4.42:4567/jhjson/ceshi.php?url=",
      "ext": {
        "flag": [
          "qq",
          "腾讯",
          "qiyi",
          "爱奇艺",
          "奇艺",
          "youku",
          "优酷",
          "mgtv",
          "芒果",
          "letv",
          "乐视",
          "pptv",
          "PPTV",
          "sohu",
          "bilibili",
          "哔哩哔哩",
          "哔哩"
        ],
        "header": {
          "User-Agent": "okhttp/4.1.0"
        }
      }
    },
    {
      "name": "高清解析7",
      "type": 1,
      "url": "http://pandown.pro/app/kkdy.php?url=",
      "ext": {
        "flag": [
          "qq",
          "腾讯",
          "qiyi",
          "爱奇艺",
          "奇艺",
          "youku",
          "优酷",
          "sohu",
          "搜狐",
          "letv",
          "乐视",
          "mgtv",
          "芒果",
          "rx",
          "ltnb",
          "bilibili",
          "1905",
          "xigua"
        ]
      }
    },
    {
      "name": "备用解析",
      "type": 1,
      "url": "https://vip.daina.hk/fyzy/json.php?&url="
    },
    {
      "name": "高清嗅探",
      "type": 0,
      "url": "https://www.8090g.cn/jiexi/?url=",
      "ext": {
        "header": {
          "User-Agent": "Mozilla/5.0"
        }
      }
    },
    {
      "name": "高清嗅探1",
      "type": 0,
      "url": "https://okjx.cc/?url=",
      "ext": {
        "header": {
          "User-Agent": "Mozilla/5.0"
        }
      }
    },
    {
      "name": "高清嗅探2",
      "type": 0,
      "url": "https://www.ckmov.vip/api.php?url=",
      "ext": {
        "header": {
          "User-Agent": "Mozilla/5.0"
        }
      }
    },
    {
      "name": "高清嗅探3",
      "type": 0,
      "url": " https://ckplayer.laobandq.com/jiexi.php?url= "
    },
    {
      "name": "北川嗅探",
      "type": 0,
      "url": "https://kk.bcyingshi.ink/player/?url=",
      "ext": {
        "flag": [
          "qq",
          "腾讯",
          "letv",
          "乐视",
          "mgtv",
          "芒果",
          "youku",
          "优酷",
          "qiyi",
          "iqiyi",
          "爱奇艺",
          "奇艺"
        ]
      }
    },
    {
      "name": "dy6g",
      "type": 0,
      "url": "https://vip.lianfaka.com/vip/?url=",
      "ext": {
        "flag": [
          "qq",
          "腾讯",
          "企鹅",
          "IQiYi",
          "qiyi",
          "爱奇艺",
          "奇艺",
          "youku",
          "YouKu",
          "优酷",
          "sohu",
          "SoHu",
          "搜狐",
          "letv",
          "LeShi",
          "乐视",
          "imgo",
          "mgtv",
          "MangGuo",
          "芒果",
          "SLYS4k",
          "BYGA",
          "luanzi",
          "AliS",
          "dxzy",
          "bilibili",
          "QEYSS",
          "xigua",
          "西瓜视频",
          "腾讯视频",
          "奇艺视频",
          "优酷视频",
          "芒果视频",
          "乐视视频"
        ],
        "header": {
          "User-Agent": "Mozilla/5.0 (iPhone; CPU iPhone OS 13_2_3 like Mac OS X) AppleWebKit/605.1.15 (KHTML, like Gecko) Version/13.0.3 Mobile/15E148 Safari/604.1",
          "Referer": "https://www.dy6g.com/"
        }
      }
    },
    {
      "name": "777解析",
      "type": 0,
      "url": "https://jx.777jiexi.com/player/?url="
    },
    {
      "name": "🐱三个柒",
      "type": 0,
      "url": "     https://jx.jsonplayer.com/player/?url=",
      "ext": {
        "flag": [
          "qq",
          "腾讯",
          "qiyi",
          "爱奇艺",
          "奇艺",
          "youku",
          "优酷",
          "sohu",
          "搜狐",
          "letv",
          "乐视",
          "mgtv",
          "芒果",
          "rx",
          "ltnb",
          "bilibili",
          "1905",
          "xigua"
        ]
      }
    },
    {
      "name": "高清1",
      "type": 0,
      "url": "https://www.8090g.cn/jiexi/?url=",
      "ext": {
        "header": {
          "User-Agent": "Mozilla/5.0"
        }
      }
    },
    {
      "name": "高清2",
      "type": 0,
      "url": "https://www.ckmov.vip/api.php?url=",
      "ext": {
        "header": {
          "User-Agent": "Mozilla/5.0"
        }
      }
    },
    {
      "name": "🐱快嗅",
      "type": 0,
      "url": "https://jxdp.codermart.net/?url=",
      "ext": {
        "flag": [
          "qq",
          "腾讯",
          "qiyi",
          "爱奇艺",
          "奇艺",
          "youku",
          "优酷",
          "sohu",
          "搜狐",
          "letv",
          "乐视",
          "mgtv",
          "芒果",
          "rx",
          "ltnb",
          "bilibili",
          "1905",
          "xigua"
        ]
      }
    },
    {
      "name": "🐱夜幕/",
      "type": 0,
      "url": "https://www.yemu.xyz/?url=",
      "showType": 3
    },
    {
      "name": "极速标清",
      "type": 1,
      "url": "http://119.181.100.243:48/jiexi/sj.php/?url="
    },
    {
      "name": "★左岸解析★",
      "type": 0,
      "url": "https://jx.bozrc.com:4433/player/?url=",
      "ext": {
        "flag": [
          "qq",
          "腾讯",
          "qiyi",
          "爱奇艺",
          "奇艺",
          "youku",
          "优酷",
          "sohu",
          "搜狐",
          "letv",
          "乐视",
          "mgtv",
          "芒果",
          "rx",
          "ltnb",
          "bilibili",
          "1905",
          "xigua"
        ]
      }
    },
    {
      "name": "🐱0号",
      "type": 0,
      "url": "http://91fanli.top/m3u8/?url=",
      "ext": {
        "header": {
          "User-Agent": "Mozilla/5.0"
        }
      }
    },
    {
      "name": "🐱2号",
      "type": 0,
      "url": "https://jx.bozrc.com:4433/player/?url=",
      "ext": {
        "header": {
          "User-Agent": "Mozilla/5.0"
        }
      }
    },
    {
      "name": "🐱3号",
      "type": 0,
      "url": "https://jiexi.555jiexi.net:555/player/?url=",
      "ext": {
        "header": {
          "User-Agent": "okhttp/4.1.0"
        }
      }
    },
    {
      "name": "🐱6号",
      "type": 0,
      "url": "https://www.yemu.xyz/?url=",
      "ext": {
        "header": {
          "User-Agent": "Mozilla/5.0"
        }
      }
    },
    {
      "name": "🐱10号",
      "type": 0,
      "url": "https://jx.m3u8.tv/jiexi/?url=",
      "ext": {
        "header": {
          "User-Agent": "Mozilla/5.0"
        }
      }
    },
    {
      "name": "🐱11号",
      "type": 0,
      "url": "https://z1.m1907.cn/?jx=",
      "ext": {
        "header": {
          "User-Agent": "Mozilla/5.0"
        }
      }
    },
    {
      "name": "🐱15号",
      "type": 0,
      "url": "https://jx.aidouer.net/?url=",
      "ext": {
        "header": {
          "User-Agent": "Mozilla/5.0"
        }
      }
    },
    {
      "name": "🐱18号",
      "type": 0,
      "url": "http://api.wpsseo.cn/?v=",
      "ext": {
        "header": {
          "User-Agent": "Mozilla/5.0"
        }
      }
    },
    {
      "name": "🐱19号",
      "type": 0,
      "url": "https://jx.cainisi.cf/?v=",
      "ext": {
        "header": {
          "User-Agent": "okhttp/4.1.0"
        }
      }
    },
    {
      "name": "🐱21号",
      "type": 0,
      "url": "https://jx.ppjbk.cn/?url=",
      "ext": {
        "header": {
          "User-Agent": "Mozilla/5.0"
        }
      }
    },
    {
      "name": "🐱24号",
      "type": 0,
      "url": "https://player.maqq.cn/?url=",
      "ext": {
        "header": {
          "User-Agent": "Mozilla/5.0"
        }
      }
    },
    {
      "name": "🐱29号",
      "type": 0,
      "url": "https://www.ckplayer.vip/jiexi/?url=",
      "ext": {
        "header": {
          "User-Agent": "Mozilla/5.0"
        }
      }
    },
    {
      "name": "🐱30号",
      "type": 0,
      "url": "https://jx.kingtail.xyz/?url=",
      "ext": {
        "header": {
          "User-Agent": "Mozilla/5.0"
        }
      }
    },
    {
      "name": "🐱32号",
      "type": 0,
      "url": "https://jx.xmflv.com/?url=",
      "ext": {
        "header": {
          "User-Agent": "Mozilla/5.0"
        }
      }
    },
    {
      "name": "🐱33号",
      "type": 0,
      "url": "https://parse.123mingren.com/?url=",
      "ext": {
        "header": {
          "User-Agent": "Mozilla/5.0"
        }
      }
    },
    {
      "name": "解析啦",
      "type": 0,
      "url": "https://api.jiexi.la/?url=",
      "ext": {
        "flag": [
          "qq",
          "腾讯",
          "qiyi",
          "爱奇艺",
          "奇艺",
          "youku",
          "优酷",
          "sohu",
          "搜狐",
          "letv",
          "乐视",
          "mgtv",
          "芒果",
          "rx",
          "ltnb",
          "bilibili",
          "1905",
          "xigua"
        ]
      }
    },
    {
      "name": "17云解析",
      "type": 0,
      "url": "https://www.1717yun.com/jx/ty.php?url=",
      "ext": {
        "flag": [
          "qq",
          "腾讯",
          "qiyi",
          "爱奇艺",
          "奇艺",
          "youku",
          "优酷",
          "sohu",
          "搜狐",
          "letv",
          "乐视",
          "mgtv",
          "芒果",
          "rx",
          "ltnb",
          "bilibili",
          "1905",
          "xigua"
        ]
      }
    },
    {
      "name": "酷享解析",
      "type": 0,
      "url": "https://jx.jsonplayer.com/player/?url=",
      "ext": {
        "flag": [
          "qq",
          "腾讯",
          "qiyi",
          "爱奇艺",
          "奇艺",
          "youku",
          "优酷",
          "sohu",
          "搜狐",
          "letv",
          "乐视",
          "mgtv",
          "芒果",
          "CL4K",
          "renrenmi",
          "ltnb",
          "bilibili",
          "1905",
          "xigua"
        ]
      }
    },
    {
      "name": "江湖解析",
      "type": 0,
      "url": "https://www.pangujiexi.com/pangu/?url=",
      "ext": {
        "flag": [
          "qq",
          "qiyi",
          "mgtv",
          "youku",
          "letv",
          "sohu",
          "xigua",
          "1905",
          "优播线路",
          "腾播线路"
        ],
        "header": {
          "User-Agent": "Dart/2.14 (dart:io)"
        }
      }
    },
    {
      "name": "🐱战狼",
      "type": 0,
      "url": "https://jx.zhanlangbu.com/?url",
      "ext": {
        "flag": [
          "qq",
          "腾讯",
          "qiyi",
          "爱奇艺",
          "奇艺",
          "youku",
          "优酷",
          "mgtv",
          "芒果",
          "letv",
          "乐视",
          "pptv",
          "PPTV",
          "sohu",
          "bilibili",
          "哔哩哔哩",
          "哔哩"
        ],
        "header": {
          "User-Agent": ""
        }
      }
    },
    {
      "name": "🐱芒果腾讯专用",
      "type": 0,
      "url": "https://jx.xmflv.com/?url=",
      "ext": {
        "flag": [
          "qq",
          "腾讯",
          "qiyi",
          "爱奇艺",
          "奇艺",
          "youku",
          "优酷",
          "mgtv",
          "芒果",
          "letv",
          "乐视",
          "pptv",
          "PPTV",
          "sohu",
          "bilibili",
          "哔哩哔哩",
          "哔哩"
        ],
        "header": {
          "User-Agent": ""
        }
      }
    },
    {
      "name": "🐱腾讯备用",
      "type": 0,
      "url": "https://go.yh0523.cn/y.cy?url=",
      "ext": {
        "flag": [
          "qq",
          "腾讯",
          "qiyi",
          "爱奇艺",
          "奇艺",
          "youku",
          "优酷",
          "mgtv",
          "芒果",
          "letv",
          "乐视",
          "pptv",
          "PPTV",
          "sohu",
          "bilibili",
          "哔哩哔哩",
          "哔哩"
        ],
        "header": {
          "User-Agent": ""
        }
      }
    },
    {
      "name": "🐱手动点击json播",
      "type": 0,
      "url": "https://jx.jsonplayer.com/player/?=&url=",
      "ext": {
        "flag": [
          "qq",
          "腾讯",
          "qiyi",
          "爱奇艺",
          "奇艺",
          "youku",
          "优酷",
          "mgtv",
          "芒果",
          "letv",
          "乐视",
          "pptv",
          "PPTV",
          "sohu",
          "bilibili",
          "哔哩哔哩",
          "哔哩"
        ],
        "header": {
          "User-Agent": ""
        }
      }
    },
    {
      "name": "🐱手动点击诺讯",
      "type": 0,
      "url": "https://yun.nxflv.com/?url=",
      "ext": {
        "flag": [
          "qq",
          "腾讯",
          "qiyi",
          "爱奇艺",
          "奇艺",
          "youku",
          "优酷",
          "mgtv",
          "芒果",
          "letv",
          "乐视",
          "pptv",
          "PPTV",
          "sohu",
          "bilibili",
          "哔哩哔哩",
          "哔哩"
        ],
        "header": {
          "User-Agent": ""
        }
      }
    }
  ],
  "ijk": [
    {
      "group": "软解码",
      "options": [
        {
          "category": 4,
          "name": "opensles",
          "value": "0"
        },
        {
          "category": 4,
          "name": "overlay-format",
          "value": "842225234"
        },
        {
          "category": 4,
          "name": "framedrop",
          "value": "1"
        },
        {
          "category": 4,
          "name": "soundtouch",
          "value": "1"
        },
        {
          "category": 4,
          "name": "start-on-prepared",
          "value": "1"
        },
        {
          "category": 1,
          "name": "http-detect-range-support",
          "value": "0"
        },
        {
          "category": 2,
          "name": "skip_loop_filter",
          "value": "48"
        },
        {
          "category": 4,
          "name": "reconnect",
          "value": "1"
        },
        {
          "category": 4,
          "name": "enable-accurate-seek",
          "value": "0"
        },
        {
          "category": 4,
          "name": "mediacodec",
          "value": "0"
        },
        {
          "category": 4,
          "name": "mediacodec-auto-rotate",
          "value": "0"
        },
        {
          "category": 4,
          "name": "mediacodec-handle-resolution-change",
          "value": "0"
        },
        {
          "category": 4,
          "name": "mediacodec-hevc",
          "value": "0"
        },
        {
          "category": 1,
          "name": "dns_cache_timeout",
          "value": "600000000"
        }
      ]
    },
    {
      "group": "硬解码",
      "options": [
        {
          "category": 4,
          "name": "opensles",
          "value": "0"
        },
        {
          "category": 4,
          "name": "overlay-format",
          "value": "842225234"
        },
        {
          "category": 4,
          "name": "framedrop",
          "value": "1"
        },
        {
          "category": 4,
          "name": "soundtouch",
          "value": "1"
        },
        {
          "category": 4,
          "name": "start-on-prepared",
          "value": "1"
        },
        {
          "category": 1,
          "name": "http-detect-range-support",
          "value": "0"
        },
        {
          "category": 1,
          "name": "fflags",
          "value": "fastseek"
        },
        {
          "category": 2,
          "name": "skip_loop_filter",
          "value": "48"
        },
        {
          "category": 4,
          "name": "reconnect",
          "value": "1"
        },
        {
          "category": 4,
          "name": "enable-accurate-seek",
          "value": "0"
        },
        {
          "category": 4,
          "name": "mediacodec",
          "value": "1"
        },
        {
          "category": 4,
          "name": "mediacodec-auto-rotate",
          "value": "1"
        },
        {
          "category": 4,
          "name": "mediacodec-handle-resolution-change",
          "value": "1"
        },
        {
          "category": 4,
          "name": "mediacodec-hevc",
          "value": "1"
        },
        {
          "category": 1,
          "name": "dns_cache_timeout",
          "value": "600000000"
        }
      ]
    }
  ],
  "doh": [
    {
      "name": "Google",
      "url": "https://dns.google/dns-query",
      "ips": [
        "8.8.4.4",
        "8.8.8.8"
      ]
    },
    {
      "name": "Cloudflare",
      "url": "https://cloudflare-dns.com/dns-query",
      "ips": [
        "1.1.1.1",
        "1.0.0.1",
        "2606:4700:4700::1111",
        "2606:4700:4700::1001"
      ]
    },
    {
      "name": "AdGuard",
      "url": "https://dns.adguard.com/dns-query",
      "ips": [
        "94.140.14.140",
        "94.140.14.141"
      ]
    },
    {
      "name": "DNSWatch",
      "url": "https://resolver2.dns.watch/dns-query",
      "ips": [
        "84.200.69.80",
        "84.200.70.40"
      ]
    },
    {
      "name": "Quad9",
      "url": "https://dns.quad9.net/dns-quer",
      "ips": [
        "9.9.9.9",
        "149.112.112.112"
      ]
    }
  ],
  "rules": [
    {
      "name": "量子",
      "hosts": [
        "vip.lz",
        "hd.lz"
      ],
      "regex": [
        "#EXT-X-DISCONTINUITY\\r*\\n*#EXTINF:6.433333,[\\s\\S]*?#EXT-X-DISCONTINUITY"
      ]
    },
    {
      "name": "非凡",
      "hosts": [
        "vip.ffzy",
        "hd.ffzy"
      ],
      "regex": [
        "#EXT-X-DISCONTINUITY\\r*\\n*#EXTINF:6.666667,[\\s\\S]*?#EXT-X-DISCONTINUITY"
      ]
    },
    {
      "host": "piaku.cc",
      "rule": [
        ".mp4",
        ".m3u8",
        "?auth_token",
        "m3u8"
      ]
    },
    {
      "host": "v.3412.net.cn",
      "rule": [
        ".mp4",
        "security-token=",
        "aliyuncs.com",
        "m3u8"
      ]
    },
    {
      "host": "jx.jsonplayer.com",
      "rule": [
        ".mp4",
        ".m3u8",
        "?vkey=",
        "110.42.2.115",
        "m3u8"
      ]
    },
    {
      "host": "movie.bulei.cc",
      "rule": [
        ".mp4",
        ".m3u8",
        "?vkey=",
        "1ftn_handler",
        "http://1.71.18.153",
        "mu.dcd1.cn",
        "aliyundrive.net",
        "m3u8"
      ]
    },
    {
      "host": "rebozj.pro",
      "rule": [
        ".mp4",
        ".m3u8",
        "https://p3-sign.douyinpic.com",
        "m3u8"
      ]
    },
    {
      "host": "brovod.com",
      "rule": [
        ".m3u8"
      ]
    },
    {
      "host": "https://www1.gntv.live",
      "rule": [
        ".m3u8",
        "m3u8?",
        "4k.clyjx.cn:97"
      ]
    },
    {
      "host": "renren.pro",
      "rule": [
        ".m3u8"
      ]
    },
    {
      "host": "https://v.3412.net.cn",
      "rule": [
        ".m3u8",
        ".m3u8?",
        ".mp4"
      ]
    },
    {
      "host": "v.t-ui.cn",
      "rule": [
        ".m3u8",
        "m3u8?",
        "vip.ffzy-play4.com"
      ]
    },
    {
      "host": "cj.ffzyapi.com",
      "rule": [
        ".m3u8",
        "m3u8?"
      ]
    },
    {
      "host": "siguyy.com",
      "rule": [
        "mp4",
        ".m3u8",
        "https://ccp-bj29-video-preview.oss-enet.aliyuncs.com",
        "aliyuncs.com"
      ]
    },
    {
      "name": "火山嗅探",
      "hosts": [
        "huoshan.com"
      ],
      "regex": [
        "item_id="
      ]
    },
    {
      "name": "抖音嗅探",
      "hosts": [
        "douyin.com"
      ],
      "regex": [
        "is_play_url="
      ]
    }
  ],
  "ads": [
    "https://lf1-cdn-tos.bytegoofy.com/obj/tos-cn-i-dy/455ccf9e8ae744378118e4bd289288dd",
    "mimg.0c1q0l.cn",
    "www.googletagmanager.com",
    "www.google-analytics.com",
    "wan.51img1.com",
    "mc.usihnbcq.cn",
    "mg.g1mm3d.cn",
    "mscs.svaeuzh.cn",
    "cnzz.hhttm.top",
    "tp.vinuxhome.com",
    "cnzz.mmstat.com",
    "www.baihuillq.com",
    "s23.cnzz.com",
    "z3.cnzz.com",
    "c.cnzz.com",
    "stj.v1vo.top",
    "z12.cnzz.com",
    "img.mosflower.cn",
    "tips.gamevvip.com",
    "ehwe.yhdtns.com",
    "xdn.cqqc3.com",
    "www.jixunkyy.cn",
    "sp.chemacid.cn",
    "hm.baidu.com",
    "s9.cnzz.com",
    "z6.cnzz.com",
    "um.cavuc.com",
    "mav.mavuz.com",
    "wofwk.aoidf3.com",
    "z5.cnzz.com",
    "xc.hubeijieshikj.cn",
    "tj.tianwenhu.com",
    "xg.gars57.cn",
    "k.jinxiuzhilv.com",
    "cdn.bootcss.com",
    "ppl.xunzhuo123.com",
    "xomk.jiangjunmh.top",
    "img.xunzhuo123.com",
    "z1.cnzz.com",
    "s13.cnzz.com",
    "xg.huataisangao.cn",
    "z7.cnzz.com",
    "xg.huataisangao.cn",
    "z2.cnzz.com",
    "s96.cnzz.com",
    "q11.cnzz.com",
    "thy.dacedsfa.cn",
    "xg.whsbpw.cn",
    "s19.cnzz.com",
    "z8.cnzz.com",
    "s4.cnzz.com",
    "f5w.as12df.top",
    "ae01.alicdn.com",
    "www.92424.cn",
    "k.wudejia.com",
    "vivovip.mmszxc.top",
    "qiu.xixiqiu.com",
    "cdnjs.hnfenxun.com",
    "cms.qdwght.com"
  ]
}