{
    "urls": [
       {"url": "http://我不是.肥猫.love:63/接口禁止贩卖","name": "肥猫"},       
       {"url": "https://download.kstore.space/download/3313/mao/ymz","name": "夜猫子"},       
       {"url": "https://hutool.ml/tang","name": "唐三"},
       {"url": "https://raw.iqiq.io/lm317379829/PyramidStore/pyramid/py.json","name": "霜辉月明"}, 
       {"url": "http://101.34.67.237/config/3", "name": "小雅JS"},
       {"url": "http://刚刚.live/猫","name": "💖刚刚原版"},
       {"url": "http://w.g9.pub:66/f/6Y3sy/%E7%88%BD%E7%BF%BB%E5%A4%A9.txt","name": "🪐爽翻天线路"},       
	     {"url": "https://weixine.net/ysc.json","name": "💖运输车线路"},		
	 	   {"url": "https://yydsys.top/duo","name": "🏡多多家庭线路"},
		   {"url": "https://dxawi.github.io/0/0.json","name": "💗爬虫接口"},
		   {"url": "https://gitee.com/boyhappy/tvbox/raw/master/0723.json","name": "💗boy"},
		   {"url": "https://tvbox.cainisi.cf","name": "💎菜妮丝线路" }
          ]
}