{
  "sites": {
    "default": 5,
    "data": [
      {
        "key": "39kan",
        "name": "39影视",
        "api": "https://www.39kan.com/api.php/provide/vod/",
        "playUrl": "",
        "search": 1,
        "group": "影视",
        "isActive": true,
        "status": true,
        "type": 1,
        "id": 1
      },
      {
        "key": "vipmv",
        "name": "天堂资源",
        "api": "http://vipmv.cc/api.php/provide/vod/",
        "playUrl": "",
        "search": 1,
        "group": "影视",
        "isActive": false,
        "status": false,
        "type": 1,
        "id": 2
      },
      {
        "key": "wolongzyw",
        "name": "卧龙资源(切)",
        "api": "",
        "playUrl": "",
        "search": 1,
        "group": "影视",
        "isActive": true,
        "status": true,
        "type": 1,
        "id": 3
      },
      {
        "key": "6Uzy",
        "name": "6U资源",
        "api": "http://zy.ataoju.com/inc/api.php",
        "playUrl": "",
        "search": 1,
        "group": "影视",
        "isActive": false,
        "status": false,
        "id": 4
      },
      {
        "key": "lziapi",
        "name": "量子资源(切)",
        "api": "http://cj.lziapi.com/api.php/provide/vod/",
        "playUrl": "",
        "search": 1,
        "group": "影视",
        "isActive": true,
        "status": true,
        "type": 1,
        "id": 5
      },
      {
        "key": "foxzyapi",
        "name": "FOX资源(切)",
        "api": "https://api.foxzyapi.com/api.php/provide/vod/",
        "playUrl": "",
        "search": 1,
        "group": "影视",
        "isActive": true,
        "status": true,
        "type": 1,
        "id": 6
      },
      {
        "key": "lehootv",
        "name": "乐活影视",
        "api": "https://lehootv.com/api.php/provide/vod/",
        "playUrl": "",
        "search": 1,
        "group": "影视",
        "isActive": true,
        "status": true,
        "type": 1,
        "id": 7
      },
      {
        "key": "kuaibozy",
        "name": "快播资源",
        "api": "http://www.kuaibozy.com/api.php/provide/vod/",
        "playUrl": "",
        "search": 1,
        "group": "影视",
        "isActive": true,
        "status": true,
        "type": 1,
        "id": 8
      },
      {
        "key": "apibdzy",
        "name": "百度云资源(切)",
        "api": "https://api.apibdzy.com/api.php/provide/vod/",
        "playUrl": "",
        "search": 1,
        "group": "影视",
        "isActive": true,
        "status": true,
        "type": 1,
        "id": 9
      },
      {
        "key": "tomziyuan",
        "name": "tom资源网(切)",
        "api": "https://tomziyuan.com/api.php/provide/vod/",
        "playUrl": "",
        "search": 1,
        "group": "影视",
        "isActive": true,
        "status": true,
        "type": 1,
        "id": 10
      },
      {
        "key": "明帝影视",
        "name": "明帝影视",
        "api": "https://ys.md214.cn/api.php/provide/vod/",
        "download": "",
        "playUrl": "",
        "search": 1,
        "group": "默认",
        "status": true,
        "isActive": true,
        "type": 1,
        "id": 11
      },
      {
        "key": "kudianzy",
        "name": "酷点资源(切)",
        "api": "https://kudianzy.com/api.php/provide/vod/",
        "playUrl": "",
        "search": 1,
        "group": "影视",
        "isActive": false,
        "status": false,
        "type": 1,
        "id": 12
      },
      {
        "key": "taopianapi",
        "name": "淘片资源采集网",
        "api": "https://taopianapi.com/home/cjapi/as/mc10/vod/json",
        "playUrl": "",
        "search": 1,
        "group": "影视",
        "isActive": true,
        "status": true,
        "type": 1,
        "id": 13
      },
      {
        "key": "xinlangapi",
        "name": "新浪资源",
        "api": "https://api.xinlangapi.com/xinlangapi.php/provide/vod/",
        "playUrl": "",
        "search": 1,
        "group": "影视",
        "isActive": true,
        "status": true,
        "type": 1,
        "id": 14
      },
      {
        "key": "快车资源",
        "name": "快车资源",
        "api": "https://caiji.kczyapi.com/api.php/provide/vod/",
        "download": "",
        "playUrl": "",
        "search": 1,
        "group": "默认",
        "status": true,
        "isActive": true,
        "type": 1,
        "id": 15
      },
      {
        "key": "yulecj",
        "name": "鱼乐资源网",
        "api": "https://api.yulecj.com/api.php/provide/vod/",
        "playUrl": "",
        "search": 1,
        "group": "影视",
        "isActive": true,
        "status": true,
        "type": 1,
        "id": 16
      },
      {
        "key": "sdzyapi",
        "name": "闪电资源网(切)",
        "api": "https://sdzyapi.com/api.php/provide/vod/",
        "playUrl": "",
        "search": 1,
        "group": "影视",
        "isActive": true,
        "status": true,
        "type": 1,
        "id": 17
      },
      {
        "key": "yparse",
        "name": "步步高资源",
        "api": "https://api.yparse.com/api/json",
        "playUrl": "",
        "search": 1,
        "group": "影视",
        "isActive": true,
        "status": true,
        "type": 1,
        "id": 18
      },
      {
        "key": "ckzy",
        "name": "CK资源",
        "api": "https://ckzy.me/api.php/provide/vod/",
        "playUrl": "",
        "search": 1,
        "group": "影视",
        "isActive": false,
        "status": false,
        "type": 1,
        "id": 19
      },
      {
        "key": "guangsuapi",
        "name": "光速资源",
        "api": "https://api.guangsuapi.com/api.php/provide/vod/",
        "playUrl": "",
        "search": 1,
        "group": "影视",
        "isActive": true,
        "status": true,
        "type": 1,
        "id": 21
      },
      {
        "key": "jyzyapi",
        "name": "金鹰资源",
        "api": "https://jyzyapi.com/provide/vod/",
        "playUrl": "",
        "search": 1,
        "group": "影视",
        "isActive": true,
        "status": true,
        "type": 1,
        "id": 22
      },
      {
        "key": "tiankongapi",
        "name": "天空资源",
        "api": "https://api.tiankongapi.com/api.php/provide/vod/",
        "playUrl": "",
        "search": 1,
        "group": "影视",
        "isActive": true,
        "status": true,
        "type": 1,
        "id": 23
      },
      {
        "key": "feisuzy",
        "name": "飞速资源(切)",
        "api": "https://www.feisuzy.com/api.php/provide/vod/",
        "playUrl": "",
        "search": 1,
        "group": "影视",
        "isActive": true,
        "status": true,
        "type": 1,
        "id": 24
      },
      {
        "key": "ylzy1",
        "name": "鱼乐资源(切)",
        "api": "https://api.ylzy1.com/api.php/provide/vod/",
        "playUrl": "",
        "search": 1,
        "group": "影视",
        "isActive": true,
        "status": true,
        "id": 25
      },
      {
        "key": "zzrhgg",
        "name": "飘花资源",
        "api": "http://www.zzrhgg.com/api.php/provide/vod/",
        "playUrl": "",
        "search": 1,
        "group": "影视",
        "isActive": true,
        "status": true,
        "type": 1,
        "id": 27
      },
      {
        "key": "hanjuzy",
        "name": "韩剧资源(切)",
        "api": "http://www.hanjuzy.com/inc/apijson_vod.php",
        "playUrl": "",
        "search": 1,
        "group": "影视",
        "isActive": true,
        "status": true,
        "type": 1,
        "id": 28
      },
      {
        "key": "28393120-9d11-5110-b209-c925b2d8f87e",
        "name": "非凡资源",
        "api": "http://cj.ffzyapi.com/api.php/provide/vod/from/ffm3u8/",
        "download": "",
        "playUrl": "",
        "search": 1,
        "group": "影视",
        "status": true,
        "isActive": true,
        "type": 1,
        "id": 29
      },
      {
        "key": "9fbbb48c-d822-55ed-baee-40964804d8a9",
        "name": "Ikun资源",
        "api": "https://ikunzyapi.com/api.php/provide/vod",
        "download": "",
        "playUrl": "",
        "search": 1,
        "group": "默认",
        "status": true,
        "isActive": true,
        "type": 1,
        "id": 30
      },
      {
        "key": "apiyhzy",
        "name": "樱花动漫",
        "api": "https://m3u8.apiyhzy.com/api.php/provide/vod/",
        "download": "",
        "playUrl": "",
        "search": 1,
        "group": "影视",
        "status": true,
        "isActive": true,
        "type": 1,
        "id": 34
      },
      {
        "key": "rrvipw",
        "name": "rrvipw",
        "api": "https://www.rrvipw.com/api.php/provide/vod/",
        "download": "",
        "playUrl": "",
        "search": 1,
        "group": "影视",
        "status": false,
        "isActive": false,
        "type": 1,
        "id": 35
      },
      {
        "key": "1080zyku",
        "name": "1080zyku",
        "api": "http://api.1080zyku.com/inc/api_mac10.php",
        "download": "",
        "playUrl": "",
        "search": 1,
        "group": "影视",
        "status": true,
        "isActive": true,
        "type": 1,
        "id": 36
      },
      {
        "key": "ukuapi",
        "name": "U酷资源",
        "api": "https://api.ukuapi.com/api.php/provide/vod/",
        "download": "",
        "playUrl": "",
        "search": 1,
        "group": "影视",
        "status": true,
        "isActive": true,
        "type": 1,
        "id": 38
      },
      {
        "key": "vodimg",
        "name": "影图资源",
        "api": "https://cj.vodimg.top/api.php/provide/vod/",
        "download": "",
        "playUrl": "",
        "search": 1,
        "group": "影视",
        "status": true,
        "isActive": true,
        "type": 1,
        "id": 39
      },
      {
        "key": "无尽资源",
        "name": "无尽资源",
        "api": "https://api.wujinapi.me/api.php/provide/vod/",
        "download": "",
        "playUrl": "",
        "search": 1,
        "group": "默认",
        "status": true,
        "isActive": true,
        "type": 1,
        "id": 40
      },
      {
        "key": "南国资源",
        "name": "南国资源",
        "api": "http://api.nguonphim.tv/api.php/provide/vod/",
        "download": "",
        "playUrl": "",
        "search": 1,
        "group": "默认",
        "status": true,
        "isActive": true,
        "type": 1,
        "id": 41
      },
      {
        "key": "飞速资源",
        "name": "飞速资源",
        "api": "https://www.feisuzyapi.com/api.php/provide/vod/",
        "download": "",
        "playUrl": "",
        "search": 1,
        "group": "默认",
        "status": true,
        "isActive": true,
        "type": 1,
        "id": 42
      },
      {
        "key": "映迷影院",
        "name": "映迷影院",
        "api": "https://www.inmi.app/api.php/provide/vod/",
        "download": "",
        "playUrl": "",
        "search": 1,
        "group": "默认",
        "status": true,
        "isActive": true,
        "type": 1,
        "id": 43
      },
      {
        "key": "1080资源",
        "name": "1080资源",
        "api": "https://1080p.tv/api.php/provide/vod",
        "download": "",
        "playUrl": "",
        "search": 1,
        "group": "默认",
        "status": true,
        "isActive": true,
        "type": 1,
        "id": 44
      },
      {
        "key": "易看资源",
        "name": "易看资源",
        "api": "https://api.yikanapi.com/api.php/provide/vod/",
        "download": "",
        "playUrl": "",
        "search": 1,
        "group": "默认",
        "status": true,
        "isActive": true,
        "type": 1,
        "id": 45
      },
      {
        "key": "酷点资源",
        "name": "酷点资源",
        "api": "https://kudianzy.com/api.php/provide/vod/",
        "download": "",
        "playUrl": "",
        "search": 1,
        "group": "默认",
        "status": true,
        "isActive": true,
        "type": 1,
        "id": 56
      },
      {
        "key": "忆梦资源",
        "name": "忆梦资源",
        "api": "http://anltv.cn/api.php/provide/vod/",
        "download": "",
        "playUrl": "",
        "search": 1,
        "group": "默认",
        "status": true,
        "isActive": true,
        "type": 1,
        "id": 57
      },
      {
        "key": "TOM资源",
        "name": "TOM资源",
        "api": "https://api.tomcaiji.com/api.php/provide/vod/",
        "download": "",
        "playUrl": "",
        "search": 1,
        "group": "默认",
        "status": true,
        "isActive": true,
        "type": 1,
        "id": 58
      },
      {
        "key": "红牛资源",
        "name": "红牛资源",
        "api": "https://www.hongniuzy2.com/api.php/provide/vod/",
        "download": "",
        "playUrl": "",
        "search": 1,
        "group": "默认",
        "status": true,
        "isActive": true,
        "type": 1,
        "id": 59
      },
      {
        "key": "77韩剧",
        "name": "77韩剧",
        "api": "https://www.77hanju.com/api.php/provide/vod/",
        "download": "",
        "playUrl": "",
        "search": 1,
        "group": "默认",
        "status": true,
        "isActive": true,
        "type": 1,
        "id": 60
      },
      {
        "key": "wandouzy",
        "name": "豌豆影院",
        "api": "https://ks.wandouzy.cc/api.php/provide/vod/",
        "download": "",
        "playUrl": "",
        "search": 1,
        "group": "默认",
        "status": true,
        "isActive": true,
        "type": 1,
        "id": 61
      },
      {
        "key": "ganfan",
        "name": "干饭采集(官)",
        "api": "http://124.220.183.81:83/api.php/provide/vod/",
        "download": "",
        "playUrl": "",
        "search": 1,
        "group": "默认",
        "status": true,
        "isActive": true,
        "type": 1,
        "id": 63
      }
    ]
  },
  "iptv": {
    "default": 1,
    "data": [
      {
        "id": 1,
        "name": "APTV",
        "url": "https://ghproxy.com/https://raw.githubusercontent.com/Kimentanm/aptv/master/m3u/iptv.m3u",
        "type": "remote",
        "isActive": true,
        "epg": "https://epg.112114.xyz/"
      },
      {
        "id": 2,
        "name": "bestv",
        "url": "https://telegram-feiyangdigital.v1.mk/bestv.m3u",
        "isActive": true,
        "type": "remote",
        "epg": "https://epg.112114.xyz/"
      },
      {
        "id": 3,
        "name": "肥羊精选",
        "url": "https://telegram-feiyangdigital.v1.mk",
        "isActive": true,
        "type": "remote",
        "epg": ""
      },
      {
        "id": 4,
        "name": "凤凰资讯",
        "url": "https://raw.githubusercontent.com/ChiSheng9/iptv/master/TV43.m3u8",
        "isActive": true,
        "type": "remote",
        "epg": ""
      },
      {
        "id": 5,
        "name": "茶客",
        "url": "https://ghproxy.com/https://raw.githubusercontent.com/vamoschuck/TV/main/M3U",
        "isActive": true,
        "type": "remote",
        "epg": ""
      },
      {
        "id": 6,
        "name": "CQYX",
        "url": "https://ghproxy.com/https://raw.githubusercontent.com/youshandefeiyang/IPTV/main/main/cqyx.m3u",
        "isActive": false,
        "type": "remote",
        "epg": ""
      },
      {
        "id": 7,
        "name": "乌云",
        "url": "https://ghproxy.com/https://raw.githubusercontent.com/wuyun999/wuyun/main/zb/aptv.txt",
        "isActive": true,
        "type": "remote",
        "epg": ""
      },
      {
        "id": 8,
        "name": "4k/8k",
        "url": "https://ghproxy.com/https://raw.githubusercontent.com/youshandefeiyang/IPTV/main/main/IPTV.m3u",
        "isActive": true,
        "type": "remote",
        "epg": ""
      },
      {
        "id": 9,
        "name": "GHYX",
        "url": "https://telegram-feiyangdigital.v1.mk/ghyx.m3u",
        "isActive": false,
        "type": "remote",
        "epg": ""
      },
      {
        "id": 10,
        "name": "SXG-IPV6",
        "url": "https://telegram-feiyangdigital.v1.mk/sxg.m3u",
        "isActive": true,
        "type": "remote",
        "epg": ""
      },
      {
        "id": 11,
        "name": "爱尚",
        "url": "https://ghproxy.com/https://raw.githubusercontent.com/youshandefeiyang/IPTV/main/main/aishang.m3u",
        "isActive": false,
        "type": "remote",
        "epg": ""
      },
      {
        "id": 12,
        "name": "虎牙直播",
        "url": "https://ghproxy.com/https://raw.githubusercontent.com/Kimentanm/aptv/master/m3u/ya.m3u",
        "isActive": true,
        "type": "remote",
        "epg": ""
      },
      {
        "id": 13,
        "name": "虎牙一起看",
        "url": "https://ghproxy.com/https://raw.githubusercontent.com/Kimentanm/aptv/master/m3u/yqk.m3u",
        "isActive": true,
        "type": "remote",
        "epg": ""
      },
      {
        "id": 14,
        "name": "斗鱼",
        "url": "https://ghproxy.com/https://raw.githubusercontent.com/Kimentanm/aptv/master/m3u/yu.m3u",
        "isActive": true,
        "type": "remote",
        "epg": ""
      },
      {
        "id": 15,
        "name": "pastebin",
        "url": "https://pastebin.com/raw/ZvKmAfRg",
        "isActive": false,
        "type": "remote",
        "epg": ""
      },
      {
        "id": 16,
        "name": "Ray直播",
        "url": "https://ghproxy.com/https://raw.githubusercontent.com/dxawi/0/main/tvlive.txt",
        "type": "remote",
        "epg": "http://epg.112114.xyz",
        "isActive": true
      },
      {
        "id": 17,
        "name": "多多直播",
        "url": "https://yydsys.top/duo/txt/v.txt",
        "type": "remote",
        "epg": "http://epg.112114.xyz",
        "isActive": true
      },
      {
        "id": 18,
        "name": "饭太硬直播",
        "url": "http://ftyyy.tk/live.txt",
        "type": "remote",
        "epg": "http://epg.112114.xyz",
        "isActive": true
      },
      {
        "id": 19,
        "name": "俊于直播",
        "url": "http://home.jundie.top:81/Cat/tv/live.txt",
        "type": "remote",
        "epg": "http://epg.112114.xyz",
        "isActive": true
      }
    ]
  },
  "analyzes": {
    "default": 31,
    "data": [
      {
        "id": 1,
        "name": "纯净/B站",
        "url": "https://im1907.top/?jx=",
        "isActive": true
      },
      {
        "id": 2,
        "name": "综合/B站",
        "url": "https://jx.jsonplayer.com/player/?url=",
        "isActive": true
      },
      {
        "id": 3,
        "name": "爱豆",
        "url": "https://jx.aidouer.net/?url=",
        "isActive": true
      },
      {
        "id": 4,
        "name": "虾米",
        "url": "https://jx.xmflv.com/?url=",
        "isActive": true
      },
      {
        "id": 5,
        "name": "OK解析",
        "url": "https://okjx.cc/?url=",
        "isActive": true
      },
      {
        "id": 6,
        "name": "诺讯",
        "url": "https://www.nxflv.com/?url=",
        "isActive": true
      },
      {
        "id": 7,
        "name": "夜幕",
        "url": "https://www.yemu.xyz/?url=",
        "isActive": true
      },
      {
        "id": 8,
        "name": "M3U8.TV",
        "url": "https://jx.m3u8.tv/jiexi/?url=",
        "isActive": true
      },
      {
        "id": 9,
        "name": "人人迷",
        "url": "https://jx.blbo.cc:4433/?url=",
        "isActive": true
      },
      {
        "id": 10,
        "name": "全民",
        "url": "https://jx.blbo.cc:4433/?url=",
        "isActive": true
      },
      {
        "id": 11,
        "name": "七哥",
        "url": "https://jx.nnxv.cn/tv.php?url=",
        "isActive": true
      },
      {
        "id": 12,
        "name": "冰豆",
        "url": "https://api.qianqi.net/vip/?url=",
        "isActive": true
      },
      {
        "id": 13,
        "name": "迪奥",
        "url": "https://123.1dior.cn/?url=",
        "isActive": true
      },
      {
        "id": 14,
        "name": "CK",
        "url": "https://www.ckplayer.vip/jiexi/?url=",
        "isActive": true
      },
      {
        "id": 15,
        "name": "ckmov",
        "url": "https://www.ckmov.vip/api.php?url=",
        "isActive": true
      },
      {
        "id": 16,
        "name": "playerjy/B站",
        "url": "https://jx.playerjy.com/?url=",
        "isActive": true
      },
      {
        "id": 17,
        "name": "ccyjjd",
        "url": "https://ckmov.ccyjjd.com/ckmov/?url=",
        "isActive": true
      },
      {
        "id": 18,
        "name": "诺诺",
        "url": "https://www.ckmov.com/?url=",
        "isActive": true
      },
      {
        "id": 19,
        "name": "H8",
        "url": "https://www.h8jx.com/jiexi.php?url=",
        "isActive": true
      },
      {
        "id": 20,
        "name": "BL",
        "url": "https://vip.bljiex.com/?v=",
        "isActive": true
      },
      {
        "id": 21,
        "name": "解析la",
        "url": "https://api.jiexi.la/?url=",
        "isActive": true
      },
      {
        "id": 22,
        "name": "MUTV",
        "url": "https://jiexi.janan.net/jiexi/?url=",
        "isActive": true
      },
      {
        "id": 23,
        "name": "MAO",
        "url": "https://www.mtosz.com/m3u8.php?url=",
        "isActive": true
      },
      {
        "id": 24,
        "name": "盘古",
        "url": "https://www.pangujiexi.cc/jiexi.php?url=",
        "isActive": true
      },
      {
        "id": 25,
        "name": "0523",
        "url": "https://go.yh0523.cn/y.cy?url=",
        "isActive": true
      },
      {
        "id": 26,
        "name": "17云",
        "url": "https://www.1717yun.com/jx/ty.php?url=",
        "isActive": true
      },
      {
        "id": 27,
        "name": "4K",
        "url": "https://jx.4kdv.com/?url=",
        "isActive": true
      },
      {
        "id": 28,
        "name": "8090",
        "url": "https://www.8090g.cn/?url=",
        "isActive": true
      },
      {
        "id": 29,
        "name": "180",
        "url": "https://jx.000180.top/jx/?url=",
        "isActive": true
      },
      {
        "id": 30,
        "name": "无名",
        "url": "https://www.administratorw.com/video.php?url=",
        "isActive": true
      },
      {
        "id": 31,
        "name": "yangtu",
        "url": "https://jx.yangtu.top/?url=",
        "isActive": true
      },
      {
        "id": 32,
        "name": "小新",
        "url": "http://xiaoxin.1080p.me/api/?key=368b2df76af1b58d897bbe31a00180c0&url=",
        "isActive": true
      }
    ]
  }
}